message_id,original_message_id,summary_line_number,cluster,subject,source_tag,specialist,summary,texto_limpo,decisao,justificativa,observacao_cluster
sellside-6468adf5-3219-4e5b-a486-044c5eb79fd7__line_0011,sellside-6468adf5-3219-4e5b-a486-044c5eb79fd7,11,-1,Global Markets Daily: Tariff Risks Shine Spotlight on the Korean Won and Vietnamese Dong (Suwanapruti/Kwon),us_macro_economy,generic/qualitative-research,"- [REDACTED] expects USD/VND to keep adjusting higher in 2025, tracking a USD/CNY it also forecasts on an uptrend, given external vulnerability and the dong's historical depreciation trajectory.","- expects usd/vnd to keep adjusting higher in 2025, tracking a usd/cny it also forecasts on an uptrend, given external vulnerability and the dong's historical depreciation trajectory.",,,
sellside-e984f9ec-84dc-4cb8-89ab-80ce23b703cf__line_0020,sellside-e984f9ec-84dc-4cb8-89ab-80ce23b703cf,20,-1,Global FX Trader: The Terms of Trade,us_macro_economy,generic/context-analysis,"The Shekel case rests on a double sensitivity: it tracks both US tech stocks (a correlation that has re-strengthened) and Middle-East risk, while current USD/ILS levels price in neither the escalation risk nor domestic uncertainty around an unapproved 2026 budget and an election due by October. **A 25% overvaluation with low carry cost makes long USD/ILS an unusually inexpensive hedge**, and the analyst expects export-competitiveness concerns and a deeper BoI easing cycle to reinforce the downside.","the shekel case rests on a double sensitivity: it tracks both us tech stocks (a correlation that has re-strengthened) and middle-east risk, while current usd/ils levels price in neither the escalation risk nor domestic uncertainty around an unapproved 2026 budget and an election due by october. **a 25% overvaluation with low carry cost makes long usd/ils an unusually inexpensive hedge**, and the analyst expects export-competitiveness concerns and a deeper boi easing cycle to reinforce the downside.",,,
sellside-e894a9d4-c9f5-4dc9-b06d-9599f6684172__line_0001,sellside-e894a9d4-c9f5-4dc9-b06d-9599f6684172,1,-1,USA: Governor Waller Supports Removing Easing Bias From FOMC Post-Meeting Statement,us_macro_economy,monetary-policy/qualitative-research,"Definitive impacts. - University of Michigan long-term inflation expectations were revised up 0.5pp to 3.9% in the final May reading, published at the same time as Waller's speech.","definitive impacts. - university of michigan long-term inflation expectations were revised up 0.5pp to 3.9% in the final may reading, published at the same time as waller's speech.",,,
sellside-428fee3f-80fe-4c91-9e50-12dadfc78158__line_0012,sellside-428fee3f-80fe-4c91-9e50-12dadfc78158,12,0,Weekly Fund Flows: Commodities Drive Cyclical Sector Inflows,us_macro_economy,generic/context-analysis,"**In fixed income, the composition points to defensive duration positioning within a still-positive flow picture:** money left long-duration bond funds while short-duration and inflation-protected funds kept drawing inflows, and the overall slowdown traced to lighter buying of government and Agg-type funds. Money market assets rose a further $66bn.","**in fixed income, the composition points to defensive duration positioning within a still-positive flow picture:** money left long-duration bond funds while short-duration and inflation-protected funds kept drawing inflows, and the overall slowdown traced to lighter buying of government and agg-type funds. money market assets rose a further $66bn.",,,
sellside-7b44a273-2b9f-4779-85be-54aafc4090dc__line_0014,sellside-7b44a273-2b9f-4779-85be-54aafc4090dc,14,0,Weekly Fund Flows: Domestic Japanese Equity Demand,us_macro_economy,generic/context-analysis,"**Fixed income demand was concentrated in core Agg-type funds, with supporting inflows into inflation-protected bonds and a hard-versus-local split in EM.** Local currency EM bond funds attracted money while hard currency funds lost it. The commodities outflow, the largest at the sector level, is tied to a gold selloff rather than a broader risk-off signal, consistent with the firm FX flows into USD, EUR, and JPY that point to constructive risk sentiment. The note carries no explicit trade idea.","**fixed income demand was concentrated in core agg-type funds, with supporting inflows into inflation-protected bonds and a hard-versus-local split in em.** local currency em bond funds attracted money while hard currency funds lost it. the commodities outflow, the largest at the sector level, is tied to a gold selloff rather than a broader risk-off signal, consistent with the firm fx flows into usd, eur, and jpy that point to constructive risk sentiment. the note carries no explicit trade idea.",,,
sellside-276f2bb8-ee5a-4e77-bae5-0c5c2e099030__line_0012,sellside-276f2bb8-ee5a-4e77-bae5-0c5c2e099030,12,0,Weekly Fund Flows: A Growing Duration Divergence,us_macro_economy,generic/context-analysis,"On the fixed income side, the breadth extends to emerging markets, where both hard and local currency bond funds drew positive flows, and government and Agg-type funds anchored the inflows. FX flows corroborate the risk picture, with the USD attracting the largest cross-border demand across regions. The note reports flows only and offers no explicit trade idea.","on the fixed income side, the breadth extends to emerging markets, where both hard and local currency bond funds drew positive flows, and government and agg-type funds anchored the inflows. fx flows corroborate the risk picture, with the usd attracting the largest cross-border demand across regions. the note reports flows only and offers no explicit trade idea.",,,
sellside-052df0c4-da51-4487-8a41-d0de0d9acd1f__line_0001,sellside-052df0c4-da51-4487-8a41-d0de0d9acd1f,1,1,"USA: President Trump Announces Trade Deal with UK, Signals Optimism on China Deal But Risks for Some Other Trading Partners",us_macro_economy,generic/post-release-comment,"Context. On 8 May 2025, President Trump announced a preliminary US-UK trade deal and commented on upcoming US-China talks. The piece parses these signals to judge where the effective US tariff regime is heading for other trading partners.","context. on 8 may 2025, president trump announced a preliminary us-uk trade deal and commented on upcoming us-china talks. the piece parses these signals to judge where the effective us tariff regime is heading for other trading partners.",,,
sellside-6a51b591-e8bd-4b94-8388-3abc981ab9b5__line_0008,sellside-6a51b591-e8bd-4b94-8388-3abc981ab9b5,8,1,China: China mirrors US tariff hike in broad retaliation,us_macro_economy,generic/qualitative-research,"Opinative impacts. - [REDACTED] sees the direct growth hit to China as limited, since US imports are a small share and Chinese buyers can reroute commodity purchases to other exporters.","opinative impacts. - sees the direct growth hit to china as limited, since us imports are a small share and chinese buyers can reroute commodity purchases to other exporters.",,,
sellside-3449a76e-2e2c-42af-9ad5-8ee6f69f5d93__line_0013,sellside-3449a76e-2e2c-42af-9ad5-8ee6f69f5d93,13,1,USA: President Trump Threatens Additional 100% Tariff on China in Response to Rare Earth Export Controls,us_macro_economy,generic/qualitative-research,"Backdrop. Since October 2022, US export controls have focused on a narrow set of cutting-edge technology — chiefly leading-edge logic and memory semiconductors and their production equipment. By design, they impose little restriction on most current Chinese manufacturing. Rare earths work in the opposite direction: as a diffuse input, a cutoff of supply outside China could hit a much broader swath of US and global industrial production, even though the recent announcement targets only defense equipment and advanced semiconductors.","backdrop. since october 2022, us export controls have focused on a narrow set of cutting-edge technology — chiefly leading-edge logic and memory semiconductors and their production equipment. by design, they impose little restriction on most current chinese manufacturing. rare earths work in the opposite direction: as a diffuse input, a cutoff of supply outside china could hit a much broader swath of us and global industrial production, even though the recent announcement targets only defense equipment and advanced semiconductors.",,,
sellside-bfa6115d-d66c-4ff2-88fd-255c342f9a6b__line_0011,sellside-bfa6115d-d66c-4ff2-88fd-255c342f9a6b,11,2,"Asia in Focus: India: Dealing with potential ""reciprocal tariffs"" from the US",us_macro_economy,generic/qualitative-research,"- The bank notes its estimates capture only the direct export channel; it flags, without quantifying here, additional drags from real-income effects (only if India retaliates) and from investment held back by trade-policy uncertainty.","- the bank notes its estimates capture only the direct export channel; it flags, without quantifying here, additional drags from real-income effects (only if india retaliates) and from investment held back by trade-policy uncertainty.",,,
sellside-f585de1f-8f72-4d0e-bed1-b51f4f790512__line_0001,sellside-f585de1f-8f72-4d0e-bed1-b51f4f790512,1,2,India: Initial details on the US-India trade deal,us_macro_economy,generic/qualitative-research,"Definitive impacts. - Total US tariff on most Indian imports cut to 18%, from 50% (which had included the extra 25% duty tied to India's Russian oil purchases).","definitive impacts. - total us tariff on most indian imports cut to 18%, from 50% (which had included the extra 25% duty tied to india's russian oil purchases).",,,
sellside-44f19269-787d-4485-bb56-929f698bc2d8__line_0010,sellside-44f19269-787d-4485-bb56-929f698bc2d8,10,2,India: US-India conclude trade deal: President Trump lowers “reciprocal” tariffs on India to 18%,us_macro_economy,generic/qualitative-research,"- [REDACTED] maintains that the RBI is at the end of its easing cycle and holds the repo rate at 5.25% through CY26, as downside growth risks have receded.","- maintains that the rbi is at the end of its easing cycle and holds the repo rate at 5.25% through cy26, as downside growth risks have receded.",,,
sellside-258a9855-d35c-4356-b72b-f87f9e869b0f__line_0011,sellside-258a9855-d35c-4356-b72b-f87f9e869b0f,11,3,Global PMI Monitor: US Manufacturing Hiring Bounces Back (Dong),us_macro_economy,generic/context-analysis,"- Supply chains loosened marginally, with manufacturing suppliers' delivery times lengthening slightly (+0.3pt to 49.6).","- supply chains loosened marginally, with manufacturing suppliers' delivery times lengthening slightly (+0.3pt to 49.6).",,,
sellside-2cb47d41-4282-4d90-a5ea-ba3da4428004__line_0011,sellside-2cb47d41-4282-4d90-a5ea-ba3da4428004,11,3,Global PMI Monitor: US Services Slow Sharply (Dong),us_macro_economy,generic/context-analysis,"**The US is where the deterioration is sharpest: services fell into contraction at 49.7, its first sub-50 reading in two years.** Early US business surveys corroborated the softening, showing mixed signals for manufacturing and negative signals for services activity in February, so the flash weakness is not an isolated print. Country detail elsewhere is more mixed — the Euro area saw manufacturing improve to 47.3 while the UK's manufacturing slipped to 46.4 and services held up at 51.1.","**the us is where the deterioration is sharpest: services fell into contraction at 49.7, its first sub-50 reading in two years.** early us business surveys corroborated the softening, showing mixed signals for manufacturing and negative signals for services activity in february, so the flash weakness is not an isolated print. country detail elsewhere is more mixed — the euro area saw manufacturing improve to 47.3 while the uk's manufacturing slipped to 46.4 and services held up at 51.1.",,,
sellside-a0c112ae-e5b0-47d7-9fca-c49d4b8da925__line_0005,sellside-a0c112ae-e5b0-47d7-9fca-c49d4b8da925,5,3,"Global PMI Monitor: New Export Orders Fall in the US, UK, and Japan (Dong)",us_macro_economy,generic/context-analysis,"- The composite employment PMI fell in most major DMs, -0.7pt to 50.8 in the US and -0.8pt to 46.3 in the UK.","- the composite employment pmi fell in most major dms, -0.7pt to 50.8 in the us and -0.8pt to 46.3 in the uk.",,,
sellside-61669877-e69d-4727-95cd-0635afa98195__line_0004,sellside-61669877-e69d-4727-95cd-0635afa98195,4,4,US Daily: June CPI Preview,us_macro_economy,inflation/release-expectations,"- **Autos:** used cars -0.5%, new cars -0.1%, auto insurance -0.1%.","- **autos:** used cars -0.5%, new cars -0.1%, auto insurance -0.1%.",,,
sellside-5b65d67b-dd7a-46a0-9f60-fb3517c4de55__line_0004,sellside-5b65d67b-dd7a-46a0-9f60-fb3517c4de55,4,4,US Daily: March CPI Preview,us_macro_economy,inflation/release-expectations,"- Autos, mixed: used cars **+1%**, new cars unchanged, auto insurance **+0.1%**.","- autos, mixed: used cars **+1%**, new cars unchanged, auto insurance **+0.1%**.",,,
sellside-4bec785e-f236-48be-9f27-c7c70059e23e__line_0006,sellside-4bec785e-f236-48be-9f27-c7c70059e23e,6,4,US Daily: May CPI Preview (Rindels/Walker),us_macro_economy,inflation/release-expectations,"- Component detail: used cars −0.5%, new cars +0.1%, car insurance +0.4%, OER +0.31% (vs. +0.36% in April), rent +0.31% (vs. +0.34% in April). Tariffs add +0.05pp to core, via apparel +0.4%, furniture +0.4%, education +0.4%, communication flat. Hotels and airfares seen unchanged.","- component detail: used cars −0.5%, new cars +0.1%, car insurance +0.4%, oer +0.31% (vs. +0.36% in april), rent +0.31% (vs. +0.34% in april). tariffs add +0.05pp to core, via apparel +0.4%, furniture +0.4%, education +0.4%, communication flat. hotels and airfares seen unchanged.",,,
sellside-0a6edbd4-3451-4be6-96f0-143412c3df64__line_0015,sellside-0a6edbd4-3451-4be6-96f0-143412c3df64,15,5,US Daily: May CPI Preview,us_macro_economy,inflation/release-expectations,"Unpacked. The forecast sits against a backdrop of sharply higher energy costs tied to the start of the war in Iran, which has pushed retail gasoline up and is the main reason headline (+0.45%) runs far hotter than core (+0.17%). **The gap between a benign core and a hot headline is the note's central message: underlying inflation is cooling even as the energy shock inflates the top-line number.**","unpacked. the forecast sits against a backdrop of sharply higher energy costs tied to the start of the war in iran, which has pushed retail gasoline up and is the main reason headline (+0.45%) runs far hotter than core (+0.17%). **the gap between a benign core and a hot headline is the note's central message: underlying inflation is cooling even as the energy shock inflates the top-line number.**",,,
sellside-535873ae-2210-420f-8304-514387d5e132__line_0001,sellside-535873ae-2210-420f-8304-514387d5e132,1,5,"US Daily: Lower Oil Prices Won’t Offset Much of the Effects of Tariffs on Inflation, Inflation Expectations, and Growth (Rindels)",us_macro_economy,inflation/quantitative-research,"Key findings. - Lower energy prices trim only a sliver of the tariff inflation shock: energy's contribution to year-over-year headline PCE holds near -0.2pp through 2025, while headline PCE still climbs from 2.3% now to 3.3% by December 2025 before easing to 2.7% by December 2026.","key findings. - lower energy prices trim only a sliver of the tariff inflation shock: energy's contribution to year-over-year headline pce holds near -0.2pp through 2025, while headline pce still climbs from 2.3% now to 3.3% by december 2025 before easing to 2.7% by december 2026.",,,
sellside-ed3d1f24-64a9-4fd4-8aa9-f71a0f4bb3ea__line_0013,sellside-ed3d1f24-64a9-4fd4-8aa9-f71a0f4bb3ea,13,5,US Daily: What the Rebound in Oil Prices Means for Upcoming Inflation Prints,us_macro_economy,inflation/release-expectations,"**The oil story lands far harder on headline than on core, running through consumer energy prices** — hence the August headline leap to 0.49%. Core PCE stays a touch stickier than core CPI, partly because software and accessories carry roughly 30 times the weight in core PCE, though that spread should narrow over the next couple of months.","**the oil story lands far harder on headline than on core, running through consumer energy prices** — hence the august headline leap to 0.49%. core pce stays a touch stickier than core cpi, partly because software and accessories carry roughly 30 times the weight in core pce, though that spread should narrow over the next couple of months.",,,
sellside-cc6561ac-a8c3-4cb0-9f7b-0e344b51ee12__line_0003,sellside-cc6561ac-a8c3-4cb0-9f7b-0e344b51ee12,3,6,G10 Inflation Monitor: Monthly [REDACTED] Trimmed Core Declines Outside Japan (Peters),us_macro_economy,inflation/context-analysis,"- Year-over-year [REDACTED] trimmed core stands at +3.4% in the UK, +2.9% in Canada, +2.5% in the US, +2.3% in the Euro area, and +1.8% in Japan.","- year-over-year trimmed core stands at +3.4% in the uk, +2.9% in canada, +2.5% in the us, +2.3% in the euro area, and +1.8% in japan.",,,
sellside-30ff90e6-540f-48be-9b91-29f0cd2f13c1__line_0013,sellside-30ff90e6-540f-48be-9b91-29f0cd2f13c1,13,6,"G10 Inflation Monitor: [REDACTED] Trimmed Core Inflation Ticks Up in Japan, Slows in Euro Area",us_macro_economy,inflation/context-analysis,"- The analyst notes end-2026 core forecasts sit generally below consensus across G10, implying the analyst sees more disinflation than the market into next year.","- the analyst notes end-2026 core forecasts sit generally below consensus across g10, implying the analyst sees more disinflation than the market into next year.",,,
sellside-52785b99-26a5-477d-9c23-b2fb412ce553__line_0010,sellside-52785b99-26a5-477d-9c23-b2fb412ce553,10,6,G10 Inflation Monitor: Services Inflation Ticks Up Across DMs (Peters),us_macro_economy,inflation/context-analysis,"- Energy remains firmly negative in Canada (the consumer carbon tax ended in April) and the Euro area, and fell 20pp in Japan on lower fuel import prices and new gasoline price controls.","- energy remains firmly negative in canada (the consumer carbon tax ended in april) and the euro area, and fell 20pp in japan on lower fuel import prices and new gasoline price controls.",,,
sellside-aeaea4af-6e79-4cde-80b3-167eb9d2131e__line_0010,sellside-aeaea4af-6e79-4cde-80b3-167eb9d2131e,10,7,"Global: [REDACTED] Economic Indicators Update: Positive Growth News in the Euro Area, Negative in the US",us_macro_economy,generic/context-analysis,"Unpacked. This is a periodic scorecard of [REDACTED]' proprietary global indicators — financial conditions, current activity, growth-news surprises, wages and inflation — rather than an argument. It carries no explicit trade idea. **The headline read is a US–Euro area growth divergence: over recent weeks the daily MAP surprise indices, which score incoming data against consensus, have turned positive in the Euro area and negative in the US.**","unpacked. this is a periodic scorecard of ' proprietary global indicators — financial conditions, current activity, growth-news surprises, wages and inflation — rather than an argument. it carries no explicit trade idea. **the headline read is a us–euro area growth divergence: over recent weeks the daily map surprise indices, which score incoming data against consensus, have turned positive in the euro area and negative in the us.**",,,
sellside-07da71d7-406e-4d33-aed4-1692cf42e128__line_0002,sellside-07da71d7-406e-4d33-aed4-1692cf42e128,2,7,Global: [REDACTED] Economic Indicators Update: US Financial Conditions Impulse to Growth Set to Fade in 2025,us_macro_economy,generic/context-analysis,"- The Global ex-Russia FCI also tightened, driven primarily by short rates.","- the global ex-russia fci also tightened, driven primarily by short rates.",,,
sellside-2229147a-d312-4d77-b016-88847733d863__line_0006,sellside-2229147a-d312-4d77-b016-88847733d863,6,7,Global: [REDACTED] Economic Indicators Update: Tighter Financial Conditions Now Imply Slight Growth Drag in the US,us_macro_economy,generic/context-analysis,"Drivers. - Recent tightening in US financial conditions is the active force flipping the FCI impulse from broadly neutral to a modest negative contribution to 2025 growth; the broader Global ex-Russia FCI, by contrast, held steady on the week.","drivers. - recent tightening in us financial conditions is the active force flipping the fci impulse from broadly neutral to a modest negative contribution to 2025 growth; the broader global ex-russia fci, by contrast, held steady on the week.",,,
sellside-8cdd8df1-b32e-4e7b-9263-1ee5b4b88a98__line_0004,sellside-8cdd8df1-b32e-4e7b-9263-1ee5b4b88a98,4,8,USA: [REDACTED] Economic Indicators Update (Rindels),us_macro_economy,generic/context-analysis,- The US MAP index of economic surprises declined on net to +0.45.,- the us map index of economic surprises declined on net to +0.45.,,,
sellside-7a2498bd-7aa6-46fc-aa31-82b0f6572751__line_0008,sellside-7a2498bd-7aa6-46fc-aa31-82b0f6572751,8,8,USA: [REDACTED] Economic Indicators Update (Rindels),us_macro_economy,generic/context-analysis,"- Data surprises were modestly positive on net (+0.7 MAP), consistent with the steady activity signal.","- data surprises were modestly positive on net (+0.7 map), consistent with the steady activity signal.",,,
sellside-86bc3ad4-9736-4fb9-b824-61fcf0a1f418__line_0004,sellside-86bc3ad4-9736-4fb9-b824-61fcf0a1f418,4,8,USA: [REDACTED] Economic Indicators Update (Rindels),us_macro_economy,generic/context-analysis,- The MAP index of economic surprises fell on net to -0.4 — data coming in below expectations.,- the map index of economic surprises fell on net to -0.4 — data coming in below expectations.,,,
sellside-39278466-7616-4685-857e-a5a4dc413ed7__line_0008,sellside-39278466-7616-4685-857e-a5a4dc413ed7,8,9,USA: [REDACTED] Economic Indicators Update,us_macro_economy,generic/context-analysis,"- Incoming data are landing roughly in line with expectations, with the surprise index only marginally positive and easing.","- incoming data are landing roughly in line with expectations, with the surprise index only marginally positive and easing.",,,
sellside-3ff096d3-238a-4a3d-abd0-20843eb72b36__line_0007,sellside-3ff096d3-238a-4a3d-abd0-20843eb72b36,7,9,USA: [REDACTED] Economic Indicators Update,us_macro_economy,generic/context-analysis,"- Economic surprises have neutralized — the MAP index at flat signals incoming data is landing broadly in line with expectations, neither reinforcing nor challenging the baseline.","- economic surprises have neutralized — the map index at flat signals incoming data is landing broadly in line with expectations, neither reinforcing nor challenging the baseline.",,,
sellside-50ab7783-bdac-482e-b470-037dff74093a__line_0004,sellside-50ab7783-bdac-482e-b470-037dff74093a,4,9,USA: [REDACTED] Economic Indicators Update,us_macro_economy,generic/context-analysis,- The US MAP index of economic surprises rose on net to +0.7.,- the us map index of economic surprises rose on net to +0.7.,,,
sellside-2227e9c0-9f5e-4b72-9dee-7c1e84c56c4b__line_0002,sellside-2227e9c0-9f5e-4b72-9dee-7c1e84c56c4b,2,10,"US Consumer Dashboard: April 2025: Spending Holds Firm, For Now (Briggs)",us_macro_economy,generic/context-analysis,"- March core retail sales (ex-autos, gasoline, building materials) rose 0.4% nominal / 0.5% real; headline retail sales jumped 1.4%.","- march core retail sales (ex-autos, gasoline, building materials) rose 0.4% nominal / 0.5% real; headline retail sales jumped 1.4%.",,,
sellside-eddf2c2e-1d9a-4d87-ade5-c23f9db99db6__line_0015,sellside-eddf2c2e-1d9a-4d87-ade5-c23f9db99db6,15,10,US Consumer Dashboard: November 2025: Weak Labor Market and Sentiment; Middle-Income Income Growth Set to Outperform in 2026,us_macro_economy,generic/context-analysis,"Risks. - Downside: the analyst flags a ""somewhat concerning"" recent pickup in layoffs that could deepen the labor-market weakness beyond the Q4 baseline.","risks. - downside: the analyst flags a ""somewhat concerning"" recent pickup in layoffs that could deepen the labor-market weakness beyond the q4 baseline.",,,
sellside-6a617ce9-95d1-4bba-9c0c-08f70b89d519__line_0010,sellside-6a617ce9-95d1-4bba-9c0c-08f70b89d519,10,10,US Consumer Dashboard: April 2026: Higher Energy Prices Slow Real Income Growth,us_macro_economy,generic/context-analysis,"- **Precautionary saving is building**, with the saving rate forecast to rise to 4.1% by end-2026 and 4.7% by end-2027 on labor-market and geopolitical concerns — a force that diverts income from spending.","- **precautionary saving is building**, with the saving rate forecast to rise to 4.1% by end-2026 and 4.7% by end-2027 on labor-market and geopolitical concerns — a force that diverts income from spending.",,,
sellside-304be502-8d41-4ed6-88c4-0c252f4bdd71__line_0002,sellside-304be502-8d41-4ed6-88c4-0c252f4bdd71,2,11,AI Adoption Tracker: June 2026: Adoption Rises to 20.6%,us_macro_economy,generic/context-analysis,"- Large firms (250+ employees) lead at 40.7%, while publishing and some finance subsectors already sit at or above 50% adoption.","- large firms (250+ employees) lead at 40.7%, while publishing and some finance subsectors already sit at or above 50% adoption.",,,
sellside-ef83dcd8-de76-45cd-b883-2a9e6cd9cc2a__line_0008,sellside-ef83dcd8-de76-45cd-b883-2a9e6cd9cc2a,8,11,AI Adoption Tracker: April 2026: Adoption Rises to 19.8%,us_macro_economy,generic/context-analysis,"Drivers. - Capex momentum is strong and broad, led by semiconductors and reflected in both national-accounts hardware/software investment and elevated Taiwanese shipments — the clearest, still-intensifying force.","drivers. - capex momentum is strong and broad, led by semiconductors and reflected in both national-accounts hardware/software investment and elevated taiwanese shipments — the clearest, still-intensifying force.",,,
sellside-71c5832d-bb9f-4843-97e2-f8f1ff51828c__line_0008,sellside-71c5832d-bb9f-4843-97e2-f8f1ff51828c,8,11,AI Adoption Tracker: 2025Q2: AI Adoption Rates Accelerate (Dong/Briggs),us_macro_economy,generic/context-analysis,"- Firm adoption is accelerating, with education, information, finance and professional services each rising over 3pp this quarter; adoption tracks closely with a subsector's exposure of work tasks to AI automation.","- firm adoption is accelerating, with education, information, finance and professional services each rising over 3pp this quarter; adoption tracks closely with a subsector's exposure of work tasks to ai automation.",,,
sellside-2bb990db-7412-436a-b43d-0d137752d942__line_0006,sellside-2bb990db-7412-436a-b43d-0d137752d942,6,12,USA: [REDACTED] Economic Indicators Update,us_macro_economy,generic/context-analysis,"Drivers. - Current activity accelerating: the CAI rose nearly a full percentage point from June to July, signaling a gain in traction at the start of Q3.","drivers. - current activity accelerating: the cai rose nearly a full percentage point from june to july, signaling a gain in traction at the start of q3.",,,
sellside-c3d1c073-2e16-4742-8409-6dfc0840a76b__line_0005,sellside-c3d1c073-2e16-4742-8409-6dfc0840a76b,5,12,USA: [REDACTED] Economic Indicators Update (Rindels),us_macro_economy,generic/context-analysis,"- The preliminary May Current Activity Indicator stands at +0.6%, up from -0.3% in April.","- the preliminary may current activity indicator stands at +0.6%, up from -0.3% in april.",,,
sellside-fa951702-4151-4260-ac00-8acf4796de8c__line_0005,sellside-fa951702-4151-4260-ac00-8acf4796de8c,5,12,USA: [REDACTED] Economic Indicators Update (Rindels),us_macro_economy,generic/context-analysis,"- February Current Activity Indicator at +1.4%, down from +1.5% in January.","- february current activity indicator at +1.4%, down from +1.5% in january.",,,
sellside-266bad0f-da09-413f-bef7-2943d4475bc1__line_0010,sellside-266bad0f-da09-413f-bef7-2943d4475bc1,10,13,Global Markets Comment: Market Stress Monitor — 7 May 2025,us_macro_economy,generic/context-analysis,"Unpacked. This is a monitoring note, not an argument. Its content is a dashboard of normalized market-stress indicators across DM credit, rates, equities, and emerging markets, aggregated into category-level and overall indices shown as 3-day moving averages. The method normalizes each indicator by its full-sample average, averages within a category, then averages categories into the headline index. No forecast, trade idea, or explicit risk scenario is presented in the text.","unpacked. this is a monitoring note, not an argument. its content is a dashboard of normalized market-stress indicators across dm credit, rates, equities, and emerging markets, aggregated into category-level and overall indices shown as 3-day moving averages. the method normalizes each indicator by its full-sample average, averages within a category, then averages categories into the headline index. no forecast, trade idea, or explicit risk scenario is presented in the text.",,,
sellside-fd395986-2be1-498b-9252-16da74bd8f84__line_0002,sellside-fd395986-2be1-498b-9252-16da74bd8f84,2,13,Global Markets Comment: Market Stress Monitor — 11 May 2026,us_macro_economy,generic/context-analysis,"- Rates-market microstructure — market depth, the price impact of orderflow, and cost-to-sweep — has eased but is not uniformly back to pre-conflict levels, consistent with lower rates volatility.","- rates-market microstructure — market depth, the price impact of orderflow, and cost-to-sweep — has eased but is not uniformly back to pre-conflict levels, consistent with lower rates volatility.",,,
sellside-053b41d2-82fb-453c-8ea7-42a89648c1d4__line_0006,sellside-053b41d2-82fb-453c-8ea7-42a89648c1d4,6,13,Global Markets Comment: Market Stress Monitor — 8 June 2026,us_macro_economy,generic/context-analysis,"- Equity funding spreads widened over Q2, most notably in the US — the clearest area of building pressure in the report.","- equity funding spreads widened over q2, most notably in the us — the clearest area of building pressure in the report.",,,
sellside-f7fb9fc9-2faa-409e-a8d8-685b210a7c10__line_0004,sellside-f7fb9fc9-2faa-409e-a8d8-685b210a7c10,4,14,Global Markets Comment: Market Thoughts Following the Strikes in Iran,us_macro_economy,generic/qualitative-research,"- Terms-of-trade winners under a further 10% rise in gold, silver, copper and oil ([REDACTED] framework): NOK, MYR, CAD and COP from oil; CHF, PEN and ZAR from precious metals.","- terms-of-trade winners under a further 10% rise in gold, silver, copper and oil ( framework): nok, myr, cad and cop from oil; chf, pen and zar from precious metals.",,,
sellside-883b6485-d54d-499b-92b9-55a5f7699c16__line_0008,sellside-883b6485-d54d-499b-92b9-55a5f7699c16,8,14,Global Economics Comment: Global Economic Impacts of the War in Iran,us_macro_economy,inflation/quantitative-research,"Unpacked. The war in Iran reaches most economies mainly through one channel — energy. Oil has climbed 14% since late February to about $80/bbl, a level the commodities team reads as pricing in another 5-6 weeks of a full Strait of Hormuz closure. **The central expectation is that this is a fading risk premium, not a lasting shock: prices are seen easing to $76/bbl in Q2 and $65/bbl in Q4 in a market that is structurally oversupplied.**","unpacked. the war in iran reaches most economies mainly through one channel — energy. oil has climbed 14% since late february to about $80/bbl, a level the commodities team reads as pricing in another 5-6 weeks of a full strait of hormuz closure. **the central expectation is that this is a fading risk premium, not a lasting shock: prices are seen easing to $76/bbl in q2 and $65/bbl in q4 in a market that is structurally oversupplied.**",,,
sellside-e9460398-2272-4023-a32c-8d3b611a0f93__line_0012,sellside-e9460398-2272-4023-a32c-8d3b611a0f93,12,14,Global Markets Comment: The Paths Ahead—A Cross-Asset View,us_macro_economy,generic/qualitative-research,"- For a relief scenario, [REDACTED] favors long US and European equities, credit, European FX (including CEE-3) and US Treasuries; medium-term it tilts toward terms-of-trade winners (UK/Australia/Brazil equities; BRL, AUD, MXN; copper, gold).","- for a relief scenario, favors long us and european equities, credit, european fx (including cee-3) and us treasuries; medium-term it tilts toward terms-of-trade winners (uk/australia/brazil equities; brl, aud, mxn; copper, gold).",,,
sellside-4baac507-636a-49d7-a994-0f229dead5ea__line_0015,sellside-4baac507-636a-49d7-a994-0f229dead5ea,15,15,Global Markets Comment: Tariff Relief Lowers the Tail Risks (Wilson/Chang),us_macro_economy,generic/qualitative-research,"**The pivot point is the labor market.** Rising unemployment is both the mechanism that would amplify the tariff hit to real incomes and a key driver of risk pricing, so an accelerating jobless rate is the fastest way to reopen the recessionary scenario the market has largely discounted. Short of that, the constraints are softer: growth pricing that outruns even a forward-looking view, or a growth-relief-into-rate-fear rotation of the kind that followed the March 2023 regional banking episode, when calm on growth gave way to a bond scare later that year.","**the pivot point is the labor market.** rising unemployment is both the mechanism that would amplify the tariff hit to real incomes and a key driver of risk pricing, so an accelerating jobless rate is the fastest way to reopen the recessionary scenario the market has largely discounted. short of that, the constraints are softer: growth pricing that outruns even a forward-looking view, or a growth-relief-into-rate-fear rotation of the kind that followed the march 2023 regional banking episode, when calm on growth gave way to a bond scare later that year.",,,
sellside-54aac918-719c-45f9-8d55-cd82b29ff335__line_0019,sellside-54aac918-719c-45f9-8d55-cd82b29ff335,19,15,Global Markets Comment: After the Tariffs—Still Room to Price Recession (Wilson/Chang),us_macro_economy,generic/qualitative-research,"**Because the downside skew persists, [REDACTED] frames the question as what would have to happen for markets to stabilize — and concludes that only a shift in trade policy can act quickly and decisively.** A price discount large enough to self-arrest is not yet in place, and confirming a milder-than-feared economic hit would take time. A more responsive Fed helps at the margin, but in a tariff-driven downturn the tightening impulse is the tariffs themselves, so relief has to come from there. The historical analogy is that policy-driven corrections trough when the policy impulse turns from tightening to relief.","**because the downside skew persists, frames the question as what would have to happen for markets to stabilize — and concludes that only a shift in trade policy can act quickly and decisively.** a price discount large enough to self-arrest is not yet in place, and confirming a milder-than-feared economic hit would take time. a more responsive fed helps at the margin, but in a tariff-driven downturn the tightening impulse is the tariffs themselves, so relief has to come from there. the historical analogy is that policy-driven corrections trough when the policy impulse turns from tightening to relief.",,,
sellside-4d16b3fd-5ecb-479b-b29a-476e1c8dfafd__line_0014,sellside-4d16b3fd-5ecb-479b-b29a-476e1c8dfafd,14,15,"Global Markets Comment: Too Early for the ""All Clear"" (Wilson/Chang)",us_macro_economy,generic/qualitative-research,"Beyond the cyclical call sits a structural one about US assets. **The week exposed cracks in market functioning — Treasuries wobbling under stress, and the painful combination of falling US equities and a falling dollar for unhedged foreign holders — that give overseas allocators reason to keep questioning their historic US overweight.** That thread ties the USD and curve views together: even as immediate financial-stress risk recedes, the institutional damage points the same way, toward a softer dollar and a steeper curve.","beyond the cyclical call sits a structural one about us assets. **the week exposed cracks in market functioning — treasuries wobbling under stress, and the painful combination of falling us equities and a falling dollar for unhedged foreign holders — that give overseas allocators reason to keep questioning their historic us overweight.** that thread ties the usd and curve views together: even as immediate financial-stress risk recedes, the institutional damage points the same way, toward a softer dollar and a steeper curve.",,,
sellside-3d6ab38d-c109-43b8-bd0c-46387f9cee5e__line_0008,sellside-3d6ab38d-c109-43b8-bd0c-46387f9cee5e,8,16,Global Economics Comment: Introducing Our US Government Activity Tracker (Dong),us_macro_economy,generic/context-analysis,"- The [REDACTED] basket of government-exposed companies is down 9.3% since Inauguration Day, versus 6.9% for the S&P 500.","- the basket of government-exposed companies is down 9.3% since inauguration day, versus 6.9% for the s&p 500.",,,
sellside-6aea1a46-df99-4724-9b78-a5053078a761__line_0001,sellside-6aea1a46-df99-4724-9b78-a5053078a761,1,16,"US Government Activity Tracker: June 2025: Spending Holds Steady, Labor Reduction Announcements Slow (Dong)",us_macro_economy,generic/context-analysis,"Landscape. - Roughly 171k federal employees affected to date by deferred resignations and RIF mandates, with no major new reduction-in-force orders reported in May.","landscape. - roughly 171k federal employees affected to date by deferred resignations and rif mandates, with no major new reduction-in-force orders reported in may.",,,
sellside-ebe50bab-280b-4d1e-9c7d-f34066544a5d__line_0008,sellside-ebe50bab-280b-4d1e-9c7d-f34066544a5d,8,16,USA: March Employment Report Indicates a Healthy Labor Market on the Eve of Tariff Escalation,us_macro_economy,generic/qualitative-research,"- Average hourly earnings rose 0.25% MoM, in line with expectations; the year-over-year rate eased 13bp to 3.8%.","- average hourly earnings rose 0.25% mom, in line with expectations; the year-over-year rate eased 13bp to 3.8%.",,,
sellside-fc4c07ab-4963-4197-b8ef-60944b5f5f2f__line_0005,sellside-fc4c07ab-4963-4197-b8ef-60944b5f5f2f,5,17,USA: FOMC Statement Stresses Risks of Both Higher Unemployment and Higher Inflation,us_macro_economy,monetary-policy/post-release-comment,Implications. - The hold plus the two-sided risk language signals a Fed unwilling to lean in either direction until the outlook clears.,implications. - the hold plus the two-sided risk language signals a fed unwilling to lean in either direction until the outlook clears.,,,
sellside-a018073e-c0c3-4bb9-b0f9-3c3c25a52af4__line_0010,sellside-a018073e-c0c3-4bb9-b0f9-3c3c25a52af4,10,17,"USA: SEP Median Still Projects Two Cuts in 2025 But One Fewer in 2026, Revises Growth Down and Inflation Up",us_macro_economy,monetary-policy/qualitative-research,"Unpacked. The June meeting itself carried little news on the rate — the hold and near-unchanged statement were expected — so the substance sits in the projections. **The SEP paints a mildly stagflationary revision: a higher inflation path and higher unemployment alongside weaker near-term growth, a combination that pushes the terminal rate up rather than down.**","unpacked. the june meeting itself carried little news on the rate — the hold and near-unchanged statement were expected — so the substance sits in the projections. **the sep paints a mildly stagflationary revision: a higher inflation path and higher unemployment alongside weaker near-term growth, a combination that pushes the terminal rate up rather than down.**",,,
sellside-b92814a0-923a-4f54-be9a-105005af97f9__line_0005,sellside-b92814a0-923a-4f54-be9a-105005af97f9,5,17,"USA: FOMC Statement Notes Solid Labor Market Conditions Amid ""Somewhat Elevated"" Inflation",us_macro_economy,monetary-policy/post-release-comment,"Implications. - The combination — solid employment and the omission of inflation progress — signals less urgency for further cuts, without indicating a change in the rate path.","implications. - the combination — solid employment and the omission of inflation progress — signals less urgency for further cuts, without indicating a change in the rate path.",,,
sellside-6172627e-31d1-4cc0-8604-f954dbae81a5__line_0013,sellside-6172627e-31d1-4cc0-8604-f954dbae81a5,13,18,USA: FOMC Minutes Indicate Slower Pace of Cuts Ahead; Participants Note Continued Progress on Inflation but Stress Upside Risks,us_macro_economy,monetary-policy/qualitative-research,The note offers no explicit trade idea; it reads as a policy-path and balance-sheet read-through rather than a positioning recommendation.,the note offers no explicit trade idea; it reads as a policy-path and balance-sheet read-through rather than a positioning recommendation.,,,
sellside-5ab3e660-8005-413f-8fe4-5bec0cf4df52__line_0001,sellside-5ab3e660-8005-413f-8fe4-5bec0cf4df52,1,18,USA: FOMC Minutes Note “Almost All” Participants See the Committee “Well Positioned” at Current Policy Rate,us_macro_economy,monetary-policy/qualitative-research,"Definitive impacts. - The fed funds rate was held at 3.5–3.75%, a decision “almost all” participants supported.","definitive impacts. - the fed funds rate was held at 3.5–3.75%, a decision “almost all” participants supported.",,,
sellside-8acc8178-991f-4d93-8bca-ee60350c7c0e__line_0003,sellside-8acc8178-991f-4d93-8bca-ee60350c7c0e,3,18,USA: FOMC Minutes Reiterate Wait-and-See Approach to Policy,us_macro_economy,monetary-policy/post-release-comment,"- **The base case is some easing this year, but the Committee is genuinely split on timing.** ""Most"" participants thought some rate reductions would likely be appropriate in 2025, consistent with the SEP median of two cuts. A ""couple"" — read as Bowman and Waller — were open to cutting as soon as July, while ""some"" judged the most likely appropriate path involved no cuts at all this year.","- **the base case is some easing this year, but the committee is genuinely split on timing.** ""most"" participants thought some rate reductions would likely be appropriate in 2025, consistent with the sep median of two cuts. a ""couple"" — read as bowman and waller — were open to cutting as soon as july, while ""some"" judged the most likely appropriate path involved no cuts at all this year.",,,
sellside-a747c26c-26e2-4794-a45c-752d7acfb4c6__line_0002,sellside-a747c26c-26e2-4794-a45c-752d7acfb4c6,2,19,"European Credit Brief: Week ending September 26, 2025",us_macro_economy,generic/context-analysis,- September fund flows were the weakest since April: EUR IG drew just $2.6bn of inflows while EUR HY posted $180m of outflows.,- september fund flows were the weakest since april: eur ig drew just $2.6bn of inflows while eur hy posted $180m of outflows.,,,
sellside-16d695f8-29fc-4ef7-9da5-875a00e596dd__line_0003,sellside-16d695f8-29fc-4ef7-9da5-875a00e596dd,3,19,"European Credit Brief: Week ending September 19, 2025",us_macro_economy,generic/context-analysis,"- The 12-month issuer-weighted default rate stands at 3.74% in EUR HY and 1.9% in leveraged loans; excluding LMEs, both fall sharply to 1% and 0.6% (Exhibits 3–4).","- the 12-month issuer-weighted default rate stands at 3.74% in eur hy and 1.9% in leveraged loans; excluding lmes, both fall sharply to 1% and 0.6% (exhibits 3–4).",,,
sellside-77d94b82-4c94-4140-8ae1-6a530e7144c6__line_0010,sellside-77d94b82-4c94-4140-8ae1-6a530e7144c6,10,19,"European Credit Brief: Week ending November 7, 2025",us_macro_economy,generic/context-analysis,"- European M&A-linked issuance stays subdued at ~1% of EUR IG supply (vs. 7% in USD IG), held down by fewer mega deals, a lighter tech mix, and higher cash funding of deals (~63% vs. 57% in the US).","- european m&a-linked issuance stays subdued at ~1% of eur ig supply (vs. 7% in usd ig), held down by fewer mega deals, a lighter tech mix, and higher cash funding of deals (~63% vs. 57% in the us).",,,
sellside-d13049a6-518a-490e-b8a8-bed5a4a34fe7__line_0004,sellside-d13049a6-518a-490e-b8a8-bed5a4a34fe7,4,20,US Economics Analyst: The Gig Economy: Another Perspective on the Labor Market,us_macro_economy,generic/context-analysis,"- Gig workers earn about half of economywide average hourly earnings; rideshare drivers earn nearly as much as traditional employed drivers, delivery workers about two-thirds.","- gig workers earn about half of economywide average hourly earnings; rideshare drivers earn nearly as much as traditional employed drivers, delivery workers about two-thirds.",,,
sellside-d35e0af2-15f3-4710-a435-666ec123fc1b__line_0013,sellside-d35e0af2-15f3-4710-a435-666ec123fc1b,13,20,US Daily: The Growing Challenge of Housing Affordability,us_macro_economy,generic/context-analysis,Two features make this more than a cost-of-living issue. **Owner-occupied housing is the primary savings and wealth-building vehicle for lower-income households — real estate is nearly 70% of net worth for the bottom quintile versus about 20% for the top.** Being priced out therefore closes off the main channel through which these households accumulate wealth.,two features make this more than a cost-of-living issue. **owner-occupied housing is the primary savings and wealth-building vehicle for lower-income households — real estate is nearly 70% of net worth for the bottom quintile versus about 20% for the top.** being priced out therefore closes off the main channel through which these households accumulate wealth.,,,
sellside-36f5c79a-3db6-48b3-abce-c7a732eea01a__line_0013,sellside-36f5c79a-3db6-48b3-abce-c7a732eea01a,13,20,US Economics Analyst: Productivity Stagnation in the Construction Industry: An International Perspective,us_macro_economy,generic/qualitative-research,"At issue. The note is a research study, not a reaction to a single event. It assembles three lines of evidence to explain the half-century decline in US construction productivity: (1) industry patent and machine-adoption data showing technological change has been incremental since the 1950s and that innovation spillovers from booming sectors (information, communication, chemicals) barely reach construction's supply chain; (2) a new cross-country land use regulation dataset (Jebwab, Barr and Brueckner, 2021) showing regulations tightened across advanced economies over 50 years, most severely in the US; and (3) measurement analysis, drawing on Garcia and Molloy (2023), documenting a downward bias in US real construction output from unmeasured quality gains and an inappropriate deflator for nonresidential structures.","at issue. the note is a research study, not a reaction to a single event. it assembles three lines of evidence to explain the half-century decline in us construction productivity: (1) industry patent and machine-adoption data showing technological change has been incremental since the 1950s and that innovation spillovers from booming sectors (information, communication, chemicals) barely reach construction's supply chain; (2) a new cross-country land use regulation dataset (jebwab, barr and brueckner, 2021) showing regulations tightened across advanced economies over 50 years, most severely in the us; and (3) measurement analysis, drawing on garcia and molloy (2023), documenting a downward bias in us real construction output from unmeasured quality gains and an inappropriate deflator for nonresidential structures.",,,
sellside-fab93cb3-9782-4212-951d-a7b4dae84ef4__line_0005,sellside-fab93cb3-9782-4212-951d-a7b4dae84ef4,5,21,Global Markets Daily: Is the Sun Setting on Solar ABS?,us_macro_economy,generic/qualitative-research,- The most senior tranches (originally rated A or AA) now trade at 200–400+ bp over Treasuries.,- the most senior tranches (originally rated a or aa) now trade at 200–400+ bp over treasuries.,,,
sellside-bee7045a-6863-4770-b4d8-c3aba15ae9f2__line_0014,sellside-bee7045a-6863-4770-b4d8-c3aba15ae9f2,14,21,Global Markets Analyst: The Financial System Implications of Payment Stablecoins (Zu/Marshall),us_macro_economy,generic/qualitative-research,"- Comparison with a CBDC as a design choice: a CBDC would let the central bank retain seigniorage, avoid higher public-sector interest expense, and preserve the ""singleness"" of money — advantages that private stablecoins, with multiple issuers, tend not to offer.","- comparison with a cbdc as a design choice: a cbdc would let the central bank retain seigniorage, avoid higher public-sector interest expense, and preserve the ""singleness"" of money — advantages that private stablecoins, with multiple issuers, tend not to offer.",,,
sellside-e9eca4ba-bb40-451f-91ab-501c1cd38c43__line_0004,sellside-e9eca4ba-bb40-451f-91ab-501c1cd38c43,4,21,Global Markets Daily: Q&A on Stablecoins and Financial System Implications (Zu),us_macro_economy,generic/qualitative-research,"- Any foreign private access to USD stablecoins still requires an offsetting FX transaction as an on-ramp, so the foreign currency is ultimately converted into USD through traditional FX channels.","- any foreign private access to usd stablecoins still requires an offsetting fx transaction as an on-ramp, so the foreign currency is ultimately converted into usd through traditional fx channels.",,,
sellside-26474e21-c03f-4b8d-bc0d-1ece7b13394e__line_0008,sellside-26474e21-c03f-4b8d-bc0d-1ece7b13394e,8,22,[REDACTED] FX Morning Notes: The Push and Pull on the Yen,us_macro_economy,generic/qualitative-research,"At issue. Japanese Prime Minister Ishiba resigned. [REDACTED] frames the move as a clear possibility ever since the LDP's narrow Lower House election loss earlier in the summer, so the potential policy steps are already well understood by the market.","at issue. japanese prime minister ishiba resigned. frames the move as a clear possibility ever since the ldp's narrow lower house election loss earlier in the summer, so the potential policy steps are already well understood by the market.",,,
sellside-8a73f56c-5637-4c34-9601-cd19a4f23015__line_0001,sellside-8a73f56c-5637-4c34-9601-cd19a4f23015,1,22,[REDACTED] FX Morning Notes: Parsing the Supermajority,us_macro_economy,generic/context-analysis,"Landscape. - USD/JPY traded a leg lower on net after the result despite its prior positive beta to prediction-market pricing of an LDP majority, and sits close to pre-Jan 23rd rate-check levels.","landscape. - usd/jpy traded a leg lower on net after the result despite its prior positive beta to prediction-market pricing of an ldp majority, and sits close to pre-jan 23rd rate-check levels.",,,
sellside-93388aad-7875-42f0-abce-af944d3b7b18__line_0008,sellside-93388aad-7875-42f0-abce-af944d3b7b18,8,22,[REDACTED] FX Morning Notes: JPY Still Stuck in the Slow Lane,us_macro_economy,monetary-policy/post-release-comment,"- For 2026 positioning, the setup favours high-beta G10 and EM currencies (BRL among them) over a mildly depreciating dollar.","- for 2026 positioning, the setup favours high-beta g10 and em currencies (brl among them) over a mildly depreciating dollar.",,,
sellside-42de1e1c-7c30-4379-94ba-8796da068741__line_0018,sellside-42de1e1c-7c30-4379-94ba-8796da068741,18,23,USA: President Trump Announces “Reciprocal” Tariffs,us_macro_economy,generic/qualitative-research,"**The balance of risks is skewed to the upside.** [REDACTED]'s working assumption is relief via negotiation, but retaliation from partners, subsequent escalation, and the queue of pending sector-specific tariffs leave the effective rate with more room to exceed than to fall short of the 15pp assumed in the economic forecast — the difference between that figure and the estimated 18.7pp is the margin the reader should monitor as sector-specific measures are announced.","**the balance of risks is skewed to the upside.** 's working assumption is relief via negotiation, but retaliation from partners, subsequent escalation, and the queue of pending sector-specific tariffs leave the effective rate with more room to exceed than to fall short of the 15pp assumed in the economic forecast — the difference between that figure and the estimated 18.7pp is the margin the reader should monitor as sector-specific measures are announced.",,,
sellside-48beff22-73d1-46ad-93d9-b0a7dac1be71__line_0006,sellside-48beff22-73d1-46ad-93d9-b0a7dac1be71,6,23,USA: President Trump Proposes Expansive Reciprocal Tariff with a Long Lead Time,us_macro_economy,generic/qualitative-research,"- The reciprocal plan appears to displace the across-the-board campaign tariff — advisor Peter Navarro said so explicitly — which [REDACTED] takes as lowering the near-term risk of an across-the-board proposal, though not ruling out its return.","- the reciprocal plan appears to displace the across-the-board campaign tariff — advisor peter navarro said so explicitly — which takes as lowering the near-term risk of an across-the-board proposal, though not ruling out its return.",,,
sellside-64914763-be4f-4a11-b98b-16030cdf48cd__line_0001,sellside-64914763-be4f-4a11-b98b-16030cdf48cd,1,23,USA: White House Announces New Tariffs With Little Change to the US Effective Tariff Rate,us_macro_economy,generic/qualitative-research,"Definitive impacts. - Aggregate US effective tariff rate (ETR) virtually unchanged: −0.1pp in the final version, versus the +0.25pp the June version would have produced.","definitive impacts. - aggregate us effective tariff rate (etr) virtually unchanged: −0.1pp in the final version, versus the +0.25pp the june version would have produced.",,,
sellside-b919544b-a2ea-4237-b30b-138eacf7e621__line_0008,sellside-b919544b-a2ea-4237-b30b-138eacf7e621,8,24,USA: President Trump Indicates He Will Announce 25% Canada and Mexico Tariffs on Feb. 1,us_macro_economy,generic/qualitative-research,"- [REDACTED] views a softer structure as more likely, expecting some combination of three approaches: a 25% tariff with delayed effect (2–3 weeks, per the 2018 steel/aluminum and China precedents, or 10 days as in the 2019 Mexico case); a targeted tariff covering only certain sectors or with exemptions, which could carry a months-long lead time if a Sec. 232 investigation is required; or a phased-in rate rising over time (e.g. the 2019 plan of 5% rising 5pp/month to 25%), an approach Treasury's Scott Bessent has favored.","- views a softer structure as more likely, expecting some combination of three approaches: a 25% tariff with delayed effect (2–3 weeks, per the 2018 steel/aluminum and china precedents, or 10 days as in the 2019 mexico case); a targeted tariff covering only certain sectors or with exemptions, which could carry a months-long lead time if a sec. 232 investigation is required; or a phased-in rate rising over time (e.g. the 2019 plan of 5% rising 5pp/month to 25%), an approach treasury's scott bessent has favored.",,,
sellside-01f5b969-d377-4bb2-a6f8-57969353ada8__line_0006,sellside-01f5b969-d377-4bb2-a6f8-57969353ada8,6,24,"USA: President Trump Imposes Tariffs on Imports from Mexico, Canada, and China",us_macro_economy,generic/qualitative-research,"- On its earlier rough estimates, a sustained 25% tariff on Canada and Mexico would raise the effective US tariff rate by 7pp, lifting core PCE prices ~0.7% and cutting GDP ~0.4%; the 10% energy rate trims this slightly. These figures are flagged as pending revision to reflect the actual tariff details.","- on its earlier rough estimates, a sustained 25% tariff on canada and mexico would raise the effective us tariff rate by 7pp, lifting core pce prices ~0.7% and cutting gdp ~0.4%; the 10% energy rate trims this slightly. these figures are flagged as pending revision to reflect the actual tariff details.",,,
sellside-7ef71c49-e717-47e6-87be-46fcc5c06cdb__line_0001,sellside-7ef71c49-e717-47e6-87be-46fcc5c06cdb,1,24,"USA: Trump Announces Intent to Move Forward With New Tariffs on Canada, Mexico, and China",us_macro_economy,generic/qualitative-research,Definitive impacts. - The additional 10pp China tariff raises the average effective tariff rate on Chinese imports to roughly 34% — a rise about twice as large as the total increase over the entire first Trump administration.,definitive impacts. - the additional 10pp china tariff raises the average effective tariff rate on chinese imports to roughly 34% — a rise about twice as large as the total increase over the entire first trump administration.,,,
sellside-6180701a-5df1-4b73-aade-316827e87773__line_0008,sellside-6180701a-5df1-4b73-aade-316827e87773,8,25,Global Week Ahead: February 2 - February 8,us_macro_economy,generic/context-analysis,"- Euro Area inflation: sticky Core HICP at 2.3% keeps [REDACTED] marginally above consensus, though the print is flat versus the prior month rather than accelerating.","- euro area inflation: sticky core hicp at 2.3% keeps marginally above consensus, though the print is flat versus the prior month rather than accelerating.",,,
sellside-783eb5d0-5b8c-4874-a100-55850246d392__line_0001,sellside-783eb5d0-5b8c-4874-a100-55850246d392,1,25,Global Week Ahead: July 28–August 03,us_macro_economy,generic/context-analysis,"Landscape. - No surprises expected on rates: [REDACTED] matches consensus at all eight meetings — US 4.375%, Canada 2.75%, Japan 0.5%, Brazil 15.0% (all holds), plus cuts already priced in Chile (4.75%), Colombia (9.0%), Ghana (25.0%) and South Africa (7.0%).","landscape. - no surprises expected on rates: matches consensus at all eight meetings — us 4.375%, canada 2.75%, japan 0.5%, brazil 15.0% (all holds), plus cuts already priced in chile (4.75%), colombia (9.0%), ghana (25.0%) and south africa (7.0%).",,,
sellside-7834d2ea-b93f-4088-9b7e-e63c5bef41c5__line_0006,sellside-7834d2ea-b93f-4088-9b7e-e63c5bef41c5,6,25,Global Week Ahead: August 17 – August 23,us_macro_economy,generic/context-analysis,"- **LatAm activity firmer than expected:** Argentina Economic Activity Index yoy at 3.5% (cons. 2.4%, last 0.2%); Colombia trade deficit narrower at −$1,600mn (cons. −$1,935mn).","- **latam activity firmer than expected:** argentina economic activity index yoy at 3.5% (cons. 2.4%, last 0.2%); colombia trade deficit narrower at −$1,600mn (cons. −$1,935mn).",,,
sellside-583387c1-5cee-428d-8371-27d7cbf64747__line_0006,sellside-583387c1-5cee-428d-8371-27d7cbf64747,6,26,European Daily: Limited Upside Potential for Inflation from Current Energy Price Increase (Vashkinskaya),us_macro_economy,inflation/quantitative-research,"- Disinflation stays on track — core still seen converging to 2% in December 2025 — unless upside risks to both oil and gas prices materialize; that condition is left open, not asserted.","- disinflation stays on track — core still seen converging to 2% in december 2025 — unless upside risks to both oil and gas prices materialize; that condition is left open, not asserted.",,,
sellside-4ed00775-b24f-4d59-8cf0-d74d294bbb17__line_0001,sellside-4ed00775-b24f-4d59-8cf0-d74d294bbb17,1,26,TIC Data: Foreign Investors Net Purchase US Treasuries in November,us_macro_economy,generic/context-analysis,"Landscape. - Foreign investors were net buyers of long-term US securities in November, on valuation-adjusted estimates from preliminary US Treasury (TIC) data.","landscape. - foreign investors were net buyers of long-term us securities in november, on valuation-adjusted estimates from preliminary us treasury (tic) data.",,,
sellside-c9574752-799f-4f71-9429-377d6aebc8e7__line_0005,sellside-c9574752-799f-4f71-9429-377d6aebc8e7,5,26,TIC Data: Foreign Investors Net Purchase US Treasuries in February,us_macro_economy,generic/qualitative-research,"- Norway was the largest net seller, reversing from being one of the largest net buyers in January.","- norway was the largest net seller, reversing from being one of the largest net buyers in january.",,,
sellside-b5b98c85-aae9-4602-b056-2442c0eaf733__line_0007,sellside-b5b98c85-aae9-4602-b056-2442c0eaf733,7,27,USA: [REDACTED] Economic Indicators Update,us_macro_economy,generic/context-analysis,"Unpacked. This is a routine weekly refresh of [REDACTED]'s proprietary US economic indicators, not an argument. It carries no explicit trade idea.","unpacked. this is a routine weekly refresh of 's proprietary us economic indicators, not an argument. it carries no explicit trade idea.",,,
sellside-c3d1c073-2e16-4742-8409-6dfc0840a76b__line_0008,sellside-c3d1c073-2e16-4742-8409-6dfc0840a76b,8,27,USA: [REDACTED] Economic Indicators Update (Rindels),us_macro_economy,generic/context-analysis,"Unpacked. This is the periodic update of [REDACTED]'s proprietary indicators, a monitoring panel rather than an argumentative piece. **The only figures disclosed in the text refer to financial conditions, the Q2 GDP forecast, the surprises index and the current activity indicator; the remaining panels are presented only as charts.**","unpacked. this is the periodic update of 's proprietary indicators, a monitoring panel rather than an argumentative piece. **the only figures disclosed in the text refer to financial conditions, the q2 gdp forecast, the surprises index and the current activity indicator; the remaining panels are presented only as charts.**",,,
sellside-1bbdb54c-903d-4d56-9253-043060403689__line_0008,sellside-1bbdb54c-903d-4d56-9253-043060403689,8,27,USA: [REDACTED] Economic Indicators Update (Rindels),us_macro_economy,generic/context-analysis,"Unpacked. This is a periodic update of proprietary indicators, not a thesis piece. The document presents the week's panel of readings and the trackers [REDACTED] follows, without developing an argument or trade recommendation.","unpacked. this is a periodic update of proprietary indicators, not a thesis piece. the document presents the week's panel of readings and the trackers follows, without developing an argument or trade recommendation.",,,
sellside-c3d1c073-2e16-4742-8409-6dfc0840a76b__line_0009,sellside-c3d1c073-2e16-4742-8409-6dfc0840a76b,9,28,USA: [REDACTED] Economic Indicators Update (Rindels),us_macro_economy,generic/context-analysis,"**Several trackers are merely listed, without values in the text:** Capex, the labor market, manufacturing and services surveys (ISM), wages (the Wage Tracker and monthly surveys), core inflation, and the social-media economic sentiment index. For these topics, the quantitative content is in the exhibits, not in the body reproduced here.","**several trackers are merely listed, without values in the text:** capex, the labor market, manufacturing and services surveys (ism), wages (the wage tracker and monthly surveys), core inflation, and the social-media economic sentiment index. for these topics, the quantitative content is in the exhibits, not in the body reproduced here.",,,
sellside-41fdd72b-5494-4041-98ea-c50964ece4cd__line_0011,sellside-41fdd72b-5494-4041-98ea-c50964ece4cd,11,28,USA: [REDACTED] Economic Indicators Update,us_macro_economy,generic/context-analysis,"The remaining modules — the Capex Tracker, Labor Market Tracker, manufacturing and services surveys (ISM), Wage Tracker and monthly wage surveys, Core Inflation Tracker, and the social-media economic sentiment index — are listed only as exhibits, with no numerical readings in the text. **For current wage, core inflation and labor market levels, one must turn to the charts and the data file accompanying the report.**","the remaining modules — the capex tracker, labor market tracker, manufacturing and services surveys (ism), wage tracker and monthly wage surveys, core inflation tracker, and the social-media economic sentiment index — are listed only as exhibits, with no numerical readings in the text. **for current wage, core inflation and labor market levels, one must turn to the charts and the data file accompanying the report.**",,,
sellside-45c3132d-cd7a-4027-bae9-cf901a8c8980__line_0010,sellside-45c3132d-cd7a-4027-bae9-cf901a8c8980,10,28,USA: [REDACTED] Economic Indicators Update (Rindels),us_macro_economy,generic/context-analysis,"The note also refreshes a broad set of component trackers — capex, labor market, manufacturing and non-manufacturing surveys, wages, monthly wage surveys, core inflation, and the social-media economic sentiment index — but presents them as exhibits without accompanying figures or commentary in the text. No explicit trade idea is offered.","the note also refreshes a broad set of component trackers — capex, labor market, manufacturing and non-manufacturing surveys, wages, monthly wage surveys, core inflation, and the social-media economic sentiment index — but presents them as exhibits without accompanying figures or commentary in the text. no explicit trade idea is offered.",,,
sellside-e05ba2da-e5a8-4af8-9bb4-4845e8c03901__line_0019,sellside-e05ba2da-e5a8-4af8-9bb4-4845e8c03901,19,29,US Week Ahead: March 24 - March 30,us_macro_economy,generic/release-expectations,"- No explicit trade idea or directional rates call is offered — this is a calendar preview, and recent Fed remarks cited (Williams, Musalem, Barkin) point to a patient, on-hold stance rather than a fresh [REDACTED] policy view.","- no explicit trade idea or directional rates call is offered — this is a calendar preview, and recent fed remarks cited (williams, musalem, barkin) point to a patient, on-hold stance rather than a fresh policy view.",,,
sellside-5bc3572c-2d7c-441f-8fa3-65bbf9f2ec3c__line_0016,sellside-5bc3572c-2d7c-441f-8fa3-65bbf9f2ec3c,16,29,US Week Ahead: April 21 – April 27,us_macro_economy,monetary-policy/context-analysis,The report offers no trade idea; it is a schedule and forecast preview.,the report offers no trade idea; it is a schedule and forecast preview.,,,
sellside-9c654dee-8133-4317-9050-050ec9b3da94__line_0010,sellside-9c654dee-8133-4317-9050-050ec9b3da94,10,29,US Daily: December Payrolls Preview (Walker/Rindels),us_macro_economy,generic/release-expectations,- The note offers no explicit trade idea.,- the note offers no explicit trade idea.,,,
sellside-76b142b2-d751-44f1-8bf8-6bfe4593e3e3__line_0014,sellside-76b142b2-d751-44f1-8bf8-6bfe4593e3e3,14,30,US Economics Analyst: Tax Refunds vs. Higher Energy Costs: The Impact on the US Consumer,us_macro_economy,generic/qualitative-research,"Historically, consumers absorb oil shocks first by dissaving — lowering their saving rate to cover higher gasoline costs — then cutting discretionary spending, especially autos and restaurants.","historically, consumers absorb oil shocks first by dissaving — lowering their saving rate to cover higher gasoline costs — then cutting discretionary spending, especially autos and restaurants.",,,
sellside-1bf15570-8c62-4ae6-8d13-e2f1df9ba509__line_0011,sellside-1bf15570-8c62-4ae6-8d13-e2f1df9ba509,11,30,Global Markets Daily: EM Sovereign Credit — Record Issuance Focused On the Belly (Engel),us_macro_economy,generic/qualitative-research,"At issue. [REDACTED] marks 2025 EM sovereign USD issuance to a record pace and lifts its full-year forecast by roughly US$40bn, driven mainly by IG and by outsized idiosyncratic deals (Pemex-related P-Caps from Mexico; large GCC oil-exporter supply amid lower oil prices). It then maps this supply across maturities, finding a clear tilt to the belly and long end, and connects the pattern to hedging strategy against currently tight spreads.","at issue. marks 2025 em sovereign usd issuance to a record pace and lifts its full-year forecast by roughly us$40bn, driven mainly by ig and by outsized idiosyncratic deals (pemex-related p-caps from mexico; large gcc oil-exporter supply amid lower oil prices). it then maps this supply across maturities, finding a clear tilt to the belly and long end, and connects the pattern to hedging strategy against currently tight spreads.",,,
sellside-292c8e17-51f4-473a-96af-c932d284ff77__line_0009,sellside-292c8e17-51f4-473a-96af-c932d284ff77,9,30,Global Markets Daily: EM Sovereign Credit — Gauging Spillovers from US IG Weakness,us_macro_economy,generic/qualitative-research,"- [REDACTED] reads Oman's November move as having overshot its US-IG sensitivity, possibly ending or pausing its ""rising star"" outperformance.","- reads oman's november move as having overshot its us-ig sensitivity, possibly ending or pausing its ""rising star"" outperformance.",,,
sellside-7c291e08-4474-415c-adc5-4e36dd507df8__line_0013,sellside-7c291e08-4474-415c-adc5-4e36dd507df8,13,31,US Daily: January CPI Preview (Rindels/Walker),us_macro_economy,inflation/release-expectations,"- **+0.5% m/m** communications, vs. flat in December and -1.0% in November, on seasonal distortions and a postage increase.","- **+0.5% ** communications, vs. flat in december and -1.0% in november, on seasonal distortions and a postage increase.",,,
sellside-489080e3-963a-4657-aee3-7c6799ca184d__line_0008,sellside-489080e3-963a-4657-aee3-7c6799ca184d,8,31,US Daily: July CPI Preview (Rindels/Walker),us_macro_economy,inflation/release-expectations,- **+0.25% rent** (vs. +0.23% in June) and **+0.26% owners' equivalent rent** (vs. +0.30% in June); shelter roughly unchanged on net.,- **+0.25% rent** (vs. +0.23% in june) and **+0.26% owners' equivalent rent** (vs. +0.30% in june); shelter roughly unchanged on net.,,,
sellside-c5b598ee-b00b-4057-ae4d-09c7e38eca10__line_0003,sellside-c5b598ee-b00b-4057-ae4d-09c7e38eca10,3,31,US Daily: June CPI Preview (Rindels/Walker),us_macro_economy,inflation/release-expectations,- **+0.24% m/m** in core services ex-rent and owners' equivalent rent.,- **+0.24% ** in core services ex-rent and owners' equivalent rent.,,,
sellside-b6b4b401-9d32-40ca-985c-03481d4a4863__line_0010,sellside-b6b4b401-9d32-40ca-985c-03481d4a4863,10,32,US Daily: April CPI Preview,us_macro_economy,inflation/release-expectations,"- **Tariffs continue to modestly boost monthly inflation** over the coming months, with a small +0.04pp contribution to core in April from exposed categories such as recreation.","- **tariffs continue to modestly boost monthly inflation** over the coming months, with a small +0.04pp contribution to core in april from exposed categories such as recreation.",,,
sellside-ab778ac5-95a2-4c32-b6db-4776dfd95cf5__line_0008,sellside-ab778ac5-95a2-4c32-b6db-4776dfd95cf5,8,32,US Daily: January CPI Preview,us_macro_economy,inflation/release-expectations,"- Tariff-exposed categories add **+0.07pp** to core: apparel +0.5%, household furnishings +0.7%, recreation +0.4%, education +0.2%, personal care +0.2%.","- tariff-exposed categories add **+0.07pp** to core: apparel +0.5%, household furnishings +0.7%, recreation +0.4%, education +0.2%, personal care +0.2%.",,,
sellside-64d2f3dd-6f53-485c-8923-8e6c17f7cb7d__line_0013,sellside-64d2f3dd-6f53-485c-8923-8e6c17f7cb7d,13,32,US Daily: April CPI Preview (Walker/Rindels),us_macro_economy,inflation/release-expectations,"**The thread running forward is tariffs, which should keep the monthly core near 0.35% and delay the return to target.** Pass-through shows up first and most strongly in core goods most reliant on imports — electronics, autos and apparel — while core services react little in the near term. Layered on top of that shock, underlying disinflation continues: contributions from autos, rents and the labor market keep shrinking through the year.","**the thread running forward is tariffs, which should keep the monthly core near 0.35% and delay the return to target.** pass-through shows up first and most strongly in core goods most reliant on imports — electronics, autos and apparel — while core services react little in the near term. layered on top of that shock, underlying disinflation continues: contributions from autos, rents and the labor market keep shrinking through the year.",,,
sellside-41b4e07c-ac46-48cb-a877-ad90fa2e0950__line_0015,sellside-41b4e07c-ac46-48cb-a877-ad90fa2e0950,15,33,G10 Consumer Dashboard: February 2025: Consumer Spending Indicators Improve in Canada and the UK,us_macro_economy,generic/context-analysis,"The financial-conditions channel is turning less restrictive. **Debt service has spiked in Australia, Canada and the UK because more mortgages carry short fixed-rate periods, but interest payments are slowing as central banks cut, and the additional drag ahead should be limited** — particularly for variable-rate borrowers in Australia and Canada. Housing has been resilient alongside this: prices keep climbing in most markets, with France apparently bottoming and Japan slipping slightly, and mortgage credit growth is recovering off low levels in the Euro area and the UK.","the financial-conditions channel is turning less restrictive. **debt service has spiked in australia, canada and the uk because more mortgages carry short fixed-rate periods, but interest payments are slowing as central banks cut, and the additional drag ahead should be limited** — particularly for variable-rate borrowers in australia and canada. housing has been resilient alongside this: prices keep climbing in most markets, with france apparently bottoming and japan slipping slightly, and mortgage credit growth is recovering off low levels in the euro area and the uk.",,,
sellside-31e07fe1-ca84-4113-bd32-a04607318018__line_0016,sellside-31e07fe1-ca84-4113-bd32-a04607318018,16,33,G10 Consumer Dashboard: July 2025: Slower Global Spending Growth,us_macro_economy,generic/context-analysis,"On the financial side, the picture is comparatively benign. **Debt service burdens remain low or are cresting after central-bank rate cuts, and mortgage credit growth stays subdued, so leverage is not an acute pressure point even where house prices are falling.** Canada is the clearest soft spot on housing, with more notable price declines, while Japan's above-trend jump in house prices stands out on the other side.","on the financial side, the picture is comparatively benign. **debt service burdens remain low or are cresting after central-bank rate cuts, and mortgage credit growth stays subdued, so leverage is not an acute pressure point even where house prices are falling.** canada is the clearest soft spot on housing, with more notable price declines, while japan's above-trend jump in house prices stands out on the other side.",,,
sellside-57b39ace-7cb7-4409-911b-23084d4ba133__line_0015,sellside-57b39ace-7cb7-4409-911b-23084d4ba133,15,33,G10 Consumer Dashboard: June 2025: Unemployment Increases in Canada and the UK,us_macro_economy,generic/context-analysis,"On the financial side, rate cuts are beginning to relieve household interest burdens: interest expense as a share of income has started to decline in the UK and Canada, and debt-service ratios look to be cresting where mortgages reset quickly. **Housing is splitting too — prices have declined slightly in the US and more notably in Canada, while trending up in Australia, Italy, Germany and France and jumping above trend in Japan.** Consumer credit growth rose in the US and Canada even as their mortgage credit slowed, leaving overall mortgage credit subdued across the G10.","on the financial side, rate cuts are beginning to relieve household interest burdens: interest expense as a share of income has started to decline in the uk and canada, and debt-service ratios look to be cresting where mortgages reset quickly. **housing is splitting too — prices have declined slightly in the us and more notably in canada, while trending up in australia, italy, germany and france and jumping above trend in japan.** consumer credit growth rose in the us and canada even as their mortgage credit slowed, leaving overall mortgage credit subdued across the g10.",,,
sellside-4e65244d-90d6-4b39-9397-eaa343261988__line_0010,sellside-4e65244d-90d6-4b39-9397-eaa343261988,10,34,Fed Chatterbox: October Edition (Rindels),us_macro_economy,monetary-policy/context-analysis,Risks. - **Downside (labor):** Musalem and Schmid flag that the labor market could weaken more abruptly than anticipated; Collins warns further softening would open unwelcome slack and leave the economy vulnerable to adverse shocks.,risks. - **downside (labor):** musalem and schmid flag that the labor market could weaken more abruptly than anticipated; collins warns further softening would open unwelcome slack and leave the economy vulnerable to adverse shocks.,,,
sellside-d43061b5-a1b1-4b33-86a0-463464bf7cf9__line_0005,sellside-d43061b5-a1b1-4b33-86a0-463464bf7cf9,5,34,Fed Chatterbox: June Edition,us_macro_economy,monetary-policy/context-analysis,"- Labor market judged at or near maximum employment with no clear signs of weakness (Bostic, Kugler), though several officials flag scope for cooling.","- labor market judged at or near maximum employment with no clear signs of weakness (bostic, kugler), though several officials flag scope for cooling.",,,
sellside-770549d5-118f-4060-a3a9-efaf8e0b7bba__line_0020,sellside-770549d5-118f-4060-a3a9-efaf8e0b7bba,20,34,Fed Chatterbox: March Edition (Rindels),us_macro_economy,monetary-policy/context-analysis,"On the real economy, officials are broadly comfortable but alert to a turn. **The labor market is described as balanced and resilient, with Waller noting that the end of the immigration wave means a ""normal"" payroll pace may now be back around 100k rather than higher.** Growth remains in positive territory, with Williams expecting real GDP near its ~2% potential in 2025–26, but Musalem and Harker both flag weaker-than-expected consumer spending and housing data as the main downside watch-point. The note compiles officials' public remarks and offers no explicit trade idea of its own.","on the real economy, officials are broadly comfortable but alert to a turn. **the labor market is described as balanced and resilient, with waller noting that the end of the immigration wave means a ""normal"" payroll pace may now be back around 100k rather than higher.** growth remains in positive territory, with williams expecting real gdp near its ~2% potential in 2025–26, but musalem and harker both flag weaker-than-expected consumer spending and housing data as the main downside watch-point. the note compiles officials' public remarks and offers no explicit trade idea of its own.",,,
sellside-ece209e8-9a4c-4262-9616-1d0894715d20__line_0004,sellside-ece209e8-9a4c-4262-9616-1d0894715d20,4,35,Fed Chatterbox: March Edition,us_macro_economy,monetary-policy/context-analysis,"- The war with Iran added an energy and commodity shock to the picture, discussed by several officials before the blackout period.","- the war with iran added an energy and commodity shock to the picture, discussed by several officials before the blackout period.",,,
sellside-d43061b5-a1b1-4b33-86a0-463464bf7cf9__line_0009,sellside-d43061b5-a1b1-4b33-86a0-463464bf7cf9,9,35,Fed Chatterbox: June Edition,us_macro_economy,monetary-policy/context-analysis,"- Watch the next few months of inflation and employment data: Goolsbee frames the rate path as depending entirely on the coming three months, and has already pushed his timing for cuts out to roughly 9.5–15.5 months.","- watch the next few months of inflation and employment data: goolsbee frames the rate path as depending entirely on the coming three months, and has already pushed his timing for cuts out to roughly 9.5–15.5 months.",,,
sellside-1cf37a79-0108-49d6-a4b1-357cbba0276d__line_0013,sellside-1cf37a79-0108-49d6-a4b1-357cbba0276d,13,35,Fed Chatterbox: December Edition,us_macro_economy,monetary-policy/context-analysis,"Unpacked. The note is a curated digest of Fed speak since the October meeting, organized around four themes: the policy outlook, the labor market, inflation and tariffs, and the restrictiveness of policy. **The central takeaway is that a December cut is the base case because Williams' dovish framing likely commands a majority among the 12 voting members — even if not among all 19 participants.** Governors Waller and Miran have explicitly backed a cut, with Miran going further and arguing 50bp is appropriate, or 25bp at a minimum.","unpacked. the note is a curated digest of fed speak since the october meeting, organized around four themes: the policy outlook, the labor market, inflation and tariffs, and the restrictiveness of policy. **the central takeaway is that a december cut is the base case because williams' dovish framing likely commands a majority among the 12 voting members — even if not among all 19 participants.** governors waller and miran have explicitly backed a cut, with miran going further and arguing 50bp is appropriate, or 25bp at a minimum.",,,
sellside-c0b3ba76-2bd8-4345-a1c7-cdc933338589__line_0014,sellside-c0b3ba76-2bd8-4345-a1c7-cdc933338589,14,36,Global Markets Comment: Distinguishing AI Risks—Size of the Pie vs. Share of the Pie,us_macro_economy,generic/qualitative-research,"Backdrop. [REDACTED] values AI through a macro lens: the global economics team estimates the Present Discounted Value of extra GDP from expected AI productivity gains, then asks how that value is distributed. Some accrues to US companies as higher profits, split among hyperscalers, infrastructure providers (semis, memory, power), model builders, and non-AI firms; the rest flows to consumers, workers, and non-US beneficiaries. To date most value has accrued to US AI-focused companies and some Asian producers. [REDACTED]'s prior work compared the value built into US companies against the potential AI revenues those companies could capture.","backdrop. values ai through a macro lens: the global economics team estimates the present discounted value of extra gdp from expected ai productivity gains, then asks how that value is distributed. some accrues to us companies as higher profits, split among hyperscalers, infrastructure providers (semis, memory, power), model builders, and non-ai firms; the rest flows to consumers, workers, and non-us beneficiaries. to date most value has accrued to us ai-focused companies and some asian producers. 's prior work compared the value built into us companies against the potential ai revenues those companies could capture.",,,
sellside-584f5272-ffc2-4347-bfca-e05267b6d1ce__line_0002,sellside-584f5272-ffc2-4347-bfca-e05267b6d1ce,2,36,Global Markets Comment: Some Simple Macro AI-rithmetic,us_macro_economy,generic/quantitative-research,"- Since ChatGPT launched, AI-related public and private companies have added around $19tn in value, at the upper edge of the projected macro benefit — so much of the potential payoff appears already priced.","- since chatgpt launched, ai-related public and private companies have added around $19tn in value, at the upper edge of the projected macro benefit — so much of the potential payoff appears already priced.",,,
sellside-ecb47dd9-d9e0-4b1d-b40e-128fc797c5ef__line_0011,sellside-ecb47dd9-d9e0-4b1d-b40e-128fc797c5ef,11,36,Global Markets Daily: Balanced Bear Scare — Assessing Duration Risk for Global Balanced Portfolios,us_macro_economy,generic/context-analysis,"Risks. - Downside: growth risks get repriced as the energy shock's impact becomes clear — a weakening labour market and rising recession risk would push equity and credit risk premia up from currently low levels, raising the cost of equity (unlike 2022, when ERPs fell).","risks. - downside: growth risks get repriced as the energy shock's impact becomes clear — a weakening labour market and rising recession risk would push equity and credit risk premia up from currently low levels, raising the cost of equity (unlike 2022, when erps fell).",,,
sellside-2604932f-0434-4b99-a50d-4ceb04f638c0__line_0005,sellside-2604932f-0434-4b99-a50d-4ceb04f638c0,5,37,US Week Ahead: February 24 - March 2,us_macro_economy,generic/context-analysis,- The US MAP index of economic surprises sits at +0.4.,- the us map index of economic surprises sits at +0.4.,,,
sellside-ec1f396c-62ca-44a6-9e1c-28ce0e8668ea__line_0003,sellside-ec1f396c-62ca-44a6-9e1c-28ce0e8668ea,3,37,US Week Ahead: October 6 – October 12,us_macro_economy,monetary-policy/context-analysis,- The US MAP index of economic surprises is at 0.4.,- the us map index of economic surprises is at 0.4.,,,
sellside-7325e9ed-cf6b-4eea-b993-f45016c43ba8__line_0003,sellside-7325e9ed-cf6b-4eea-b993-f45016c43ba8,3,37,US Week Ahead: September 1 – September 7,us_macro_economy,generic/context-analysis,"- US MAP index of economic surprises at +0.2, marginally positive.","- us map index of economic surprises at +0.2, marginally positive.",,,
sellside-6d2e37d8-eb72-46a6-b164-9c7f55af0685__line_0006,sellside-6d2e37d8-eb72-46a6-b164-9c7f55af0685,6,38,US Daily: 5 Questions on the Near-Term Outlook for Trade and Fiscal Policy (Phillips),us_macro_economy,generic/qualitative-research,"- Not-yet-implemented sectoral tariffs, at a 25% rate, would add about 3pp to the effective rate.","- not-yet-implemented sectoral tariffs, at a 25% rate, would add about 3pp to the effective rate.",,,
sellside-819671e5-6198-446d-80c8-58e540b20a72__line_0017,sellside-819671e5-6198-446d-80c8-58e540b20a72,17,38,US Daily: Investor Expectations for Policy in 2026,us_macro_economy,generic/context-analysis,"On fiscal policy, the survey shows more appetite for further stimulus than the analyst shares. A slice of respondents expect a Trump-style $2,000 rebate (13% at full size, 29% smaller), and a slight majority expect defense funding up at least 10% against the backdrop of the proposed $1.5tn budget. **The house view is the opposite: no further stimulus, a roughly flat real defense budget, and no consumer-oriented payments — with Trump himself quoted as having ruled out further attempts, saying ""in theory we've gotten everything passed that we need…for four years.""** Even so, [REDACTED] expects strong first-half growth from last year's legislation, and around half of respondents expect a materially wider deficit as a share of GDP.","on fiscal policy, the survey shows more appetite for further stimulus than the analyst shares. a slice of respondents expect a trump-style $2,000 rebate (13% at full size, 29% smaller), and a slight majority expect defense funding up at least 10% against the backdrop of the proposed $1.5tn budget. **the house view is the opposite: no further stimulus, a roughly flat real defense budget, and no consumer-oriented payments — with trump himself quoted as having ruled out further attempts, saying ""in theory we've gotten everything passed that we need…for four years.""** even so, expects strong first-half growth from last year's legislation, and around half of respondents expect a materially wider deficit as a share of gdp.",,,
sellside-85d93252-2cb0-4fed-ab11-5187f0e6ddf4__line_0014,sellside-85d93252-2cb0-4fed-ab11-5187f0e6ddf4,14,38,US Daily: Investor Expectations for the Second Trump Administration: Two Months Later (Mericle / Phillips),us_macro_economy,generic/context-analysis,"Unpacked. The survey's central finding is convergence on trade. **Investors and [REDACTED] have both marked up their tariff calls sharply since November, and the gap between them has largely closed — the average investor's 8.6pp expected rise in the effective rate now sits just below [REDACTED]'s 10pp.** The administration has already moved on steel, aluminum, China, and — to a limited degree — Canada and Mexico; [REDACTED] expects a 10% critical-imports tariff, a 25% global auto tariff, and a reciprocal tariff to follow. If enacted, investors think a reciprocal tariff alone would add 9.3pp. Notably, about half expect any auto tariff to exclude Canada and Mexico.","unpacked. the survey's central finding is convergence on trade. **investors and have both marked up their tariff calls sharply since november, and the gap between them has largely closed — the average investor's 8.6pp expected rise in the effective rate now sits just below 's 10pp.** the administration has already moved on steel, aluminum, china, and — to a limited degree — canada and mexico; expects a 10% critical-imports tariff, a 25% global auto tariff, and a reciprocal tariff to follow. if enacted, investors think a reciprocal tariff alone would add 9.3pp. notably, about half expect any auto tariff to exclude canada and mexico.",,,
sellside-74b9c363-c6f1-4fa6-9527-65dada5c9a2b__line_0007,sellside-74b9c363-c6f1-4fa6-9527-65dada5c9a2b,7,39,USA: Senate Fiscal Bill: Near-term Fiscal Effects Similar to House Bill but 10-Year Cost Likely Higher; Sec. 899 Softened and Delayed,us_macro_economy,generic/qualitative-research,"- SALT left as a placeholder — no new proposal, though risks lean toward a cap below the House's $40k.","- salt left as a placeholder — no new proposal, though risks lean toward a cap below the house's $40k.",,,
sellside-8300a89a-ac25-4ec7-8ddd-e990076c5260__line_0011,sellside-8300a89a-ac25-4ec7-8ddd-e990076c5260,11,39,"USA: White House Proposes Spending Cuts, Partly Offset with Defense/Border Boost",us_macro_economy,generic/qualitative-research,"Backdrop. Discretionary spending — the portion Congress appropriates annually — is only about one-quarter of total federal outlays, or roughly 6% of GDP. The far larger ""mandatory"" block (entitlements) is set by existing law and continues to grow in real terms regardless of the annual appropriations fight. Because agencies draw down appropriated money over several years, a change in a single year's funding level does not translate one-for-one into that year's realized spending.","backdrop. discretionary spending — the portion congress appropriates annually — is only about one-quarter of total federal outlays, or roughly 6% of gdp. the far larger ""mandatory"" block (entitlements) is set by existing law and continues to grow in real terms regardless of the annual appropriations fight. because agencies draw down appropriated money over several years, a change in a single year's funding level does not translate one-for-one into that year's realized spending.",,,
sellside-cb1c53c5-2b65-48a8-bb0e-4f18a32464f1__line_0001,sellside-cb1c53c5-2b65-48a8-bb0e-4f18a32464f1,1,39,"USA: Congress Finalizes Budget Resolution, Completing First Step in Passing Fiscal Package",us_macro_economy,generic/post-release-comment,"Context. The US House passed, by a narrow margin (216-214), the budget resolution as already amended by the Senate, completing the first of the two stages of the ""reconciliation"" process that Republicans intend to use to pass their fiscal package this year.","context. the us house passed, by a narrow margin (216-214), the budget resolution as already amended by the senate, completing the first of the two stages of the ""reconciliation"" process that republicans intend to use to pass their fiscal package this year.",,,
sellside-7c291e08-4474-415c-adc5-4e36dd507df8__line_0007,sellside-7c291e08-4474-415c-adc5-4e36dd507df8,7,40,US Daily: January CPI Preview (Rindels/Walker),us_macro_economy,inflation/release-expectations,"- **+0.36% m/m** headline CPI, vs. +0.3% consensus, on +0.4% food and +0.6% energy prices.","- **+0.36% ** headline cpi, vs. +0.3% consensus, on +0.4% food and +0.6% energy prices.",,,
sellside-489080e3-963a-4657-aee3-7c6799ca184d__line_0002,sellside-489080e3-963a-4657-aee3-7c6799ca184d,2,40,US Daily: July CPI Preview (Rindels/Walker),us_macro_economy,inflation/release-expectations,"- **+0.33% m/m core CPI** (vs. +0.3% consensus), taking the y/y rate to **3.08%** (vs. +3.0% consensus).","- **+0.33% core cpi** (vs. +0.3% consensus), taking the rate to **3.08%** (vs. +3.0% consensus).",,,
sellside-03e96336-4aae-4e26-b648-81edd2f0d0a8__line_0001,sellside-03e96336-4aae-4e26-b648-81edd2f0d0a8,1,40,US Daily: July CPI Preview,us_macro_economy,inflation/release-expectations,"Estimates. - **+0.19% m/m core CPI** in July (vs. +0.2% consensus), taking the y/y rate to **+2.47%** (vs. +2.5% consensus).","estimates. - **+0.19% core cpi** in july (vs. +0.2% consensus), taking the rate to **+2.47%** (vs. +2.5% consensus).",,,
sellside-61669877-e69d-4727-95cd-0635afa98195__line_0003,sellside-61669877-e69d-4727-95cd-0635afa98195,3,41,US Daily: June CPI Preview,us_macro_economy,inflation/release-expectations,"- **+0.24% m/m core PCE** implied for June, lifted by a sharp rise in the financial services component (+0.04pp) as May's equity gains feed through with a lag.","- **+0.24% core pce** implied for june, lifted by a sharp rise in the financial services component (+0.04pp) as may's equity gains feed through with a lag.",,,
sellside-0a6edbd4-3451-4be6-96f0-143412c3df64__line_0001,sellside-0a6edbd4-3451-4be6-96f0-143412c3df64,1,41,US Daily: May CPI Preview,us_macro_economy,inflation/release-expectations,Estimates. **May CPI**,estimates. **may cpi**,,,
sellside-489080e3-963a-4657-aee3-7c6799ca184d__line_0011,sellside-489080e3-963a-4657-aee3-7c6799ca184d,11,41,US Daily: July CPI Preview (Rindels/Walker),us_macro_economy,inflation/release-expectations,**Forecast path**,**forecast path**,,,
sellside-23f97187-fce8-4ec2-a68e-5f652bcad22c__line_0005,sellside-23f97187-fce8-4ec2-a68e-5f652bcad22c,5,42,USA: Powell Reiterates That FOMC Is Well Positioned to Wait for Further Clarity Before Changing the Policy Stance,us_macro_economy,monetary-policy/qualitative-research,"- Powell frames tariff effects as uncertain in persistence — possibly a one-time price-level increase, but possibly more persistent — which is the core reason the Committee is choosing to wait.","- powell frames tariff effects as uncertain in persistence — possibly a one-time price-level increase, but possibly more persistent — which is the core reason the committee is choosing to wait.",,,
sellside-d6bbbe1b-dd27-4a3a-860b-5d4e3b50ee02__line_0004,sellside-d6bbbe1b-dd27-4a3a-860b-5d4e3b50ee02,4,42,USA: Powell Says Fed Will Reconsider Language Around Average Inflation Targeting in 2025 Framework Review,us_macro_economy,monetary-policy/qualitative-research,- Two conditions cited as changed since 2020: longer-term real rates and many estimates of the neutral rate have risen; supply shocks have returned and may recur more often than expected five years ago.,- two conditions cited as changed since 2020: longer-term real rates and many estimates of the neutral rate have risen; supply shocks have returned and may recur more often than expected five years ago.,,,
sellside-ee6c9076-b7da-4e72-8177-5b29378a34be__line_0009,sellside-ee6c9076-b7da-4e72-8177-5b29378a34be,9,42,[REDACTED] FX Morning Notes: Jackson Hole Day,us_macro_economy,monetary-policy/context-analysis,"The rest of the schedule is logistical. The Saturday overview panel will bring together BoJ Governor Ueda, BoE Governor Bailey, and ECB President Lagarde. Ruth Porat, Alphabet's Chief Investment Officer, gives the luncheon address at 3:00pm ET. Sideline interviews are expected throughout the day, and several former Fed officials — Harker, Bullard, and Brainard — are slated to provide commentary.","the rest of the schedule is logistical. the saturday overview panel will bring together boj governor ueda, boe governor bailey, and ecb president lagarde. ruth porat, alphabet's chief investment officer, gives the luncheon address at 3:00pm et. sideline interviews are expected throughout the day, and several former fed officials — harker, bullard, and brainard — are slated to provide commentary.",,,
sellside-493849ed-fdd7-4c34-8d3b-645012e07928__line_0015,sellside-493849ed-fdd7-4c34-8d3b-645012e07928,15,43,US Monthly Inflation Monitor: May 2025: The Tariff Boost Remains Small for Now but Should Rise From Here (Rindels),us_macro_economy,inflation/context-analysis,"- Housing rents are drifting lower, with alternative new-lease growth edging down month to month.","- housing rents are drifting lower, with alternative new-lease growth edging down month to month.",,,
sellside-7138f4ec-e883-4cc4-8ad7-3aa8d86975fc__line_0006,sellside-7138f4ec-e883-4cc4-8ad7-3aa8d86975fc,6,43,US Monthly Inflation Monitor: February 2025: Sequential Inflation Accelerates But Year-Over-Year Core PCE Inflation Declines (Rindels),us_macro_economy,inflation/context-analysis,- The [REDACTED] wage tracker fell to +4.0% y/y in Q4; the composite of business-survey wage expectations held at +3.3% in February.,- the wage tracker fell to +4.0% in q4; the composite of business-survey wage expectations held at +3.3% in february.,,,
sellside-1189d422-71e6-46b0-9342-49ca3a0344ea__line_0011,sellside-1189d422-71e6-46b0-9342-49ca3a0344ea,11,43,"US Monthly Inflation Monitor: March 2025: Measures of Underlying Inflation Continue to Slow, but Tariffs Loom Large (Rindels)",us_macro_economy,inflation/context-analysis,- **Labor cooling supports services disinflation:** wage-growth expectations from business surveys ticked up to +3.4% in March even as the jobs-workers gap narrowed sharply — a still-loosening but not-yet-normalized labor market.,- **labor cooling supports services disinflation:** wage-growth expectations from business surveys ticked up to +3.4% in march even as the jobs-workers gap narrowed sharply — a still-loosening but not-yet-normalized labor market.,,,
sellside-8a6b8efe-d020-4d9a-aafe-f105570d7d2d__line_0017,sellside-8a6b8efe-d020-4d9a-aafe-f105570d7d2d,17,44,US Inflation Monitor: June 2026: Start of a Softer Trend,us_macro_economy,inflation/context-analysis,"On tariffs, the trajectory is one of exhaustion: passthrough to goods prices is coming to an end, which pulls expected y/y core goods inflation down from 2.1% in December 2026 to just 0.2% in December 2027, even as AI-related pressure persists in the goods complex. **The war's commodity effects follow the same arc — a passthrough model puts the peak in Q2, with a modest decline in Q3 and a more substantial fade beyond.** Business surveys captured the sequence clearly: price components and supplier delivery times jumped after the war started, but prices have retraced most of the increase and delivery delays remain minor next to pandemic disruptions.","on tariffs, the trajectory is one of exhaustion: passthrough to goods prices is coming to an end, which pulls expected core goods inflation down from 2.1% in december 2026 to just 0.2% in december 2027, even as ai-related pressure persists in the goods complex. **the war's commodity effects follow the same arc — a passthrough model puts the peak in q2, with a modest decline in q3 and a more substantial fade beyond.** business surveys captured the sequence clearly: price components and supplier delivery times jumped after the war started, but prices have retraced most of the increase and delivery delays remain minor next to pandemic disruptions.",,,
sellside-493849ed-fdd7-4c34-8d3b-645012e07928__line_0018,sellside-493849ed-fdd7-4c34-8d3b-645012e07928,18,44,US Monthly Inflation Monitor: May 2025: The Tariff Boost Remains Small for Now but Should Rise From Here (Rindels),us_macro_economy,inflation/context-analysis,- Expectations distortion flagged: [REDACTED] attributes part of the jump in short-term UMich expectations to a measurement quirk that makes it unusually sensitive to tariff news — though nearly all near-term survey and market measures have risen.,- expectations distortion flagged: attributes part of the jump in short-term umich expectations to a measurement quirk that makes it unusually sensitive to tariff news — though nearly all near-term survey and market measures have risen.,,,
sellside-26befde7-5b70-4426-b7ab-71f81c060d4b__line_0019,sellside-26befde7-5b70-4426-b7ab-71f81c060d4b,19,44,US Monthly Inflation Monitor: January 2025: Ending 2024 On a Softer Note (Rindels),us_macro_economy,inflation/context-analysis,"On the Fed's likely response, the base case is that policymakers mostly look through tariff-driven price increases. The caveat comes from the last trade war, when Fed staff flagged that looking through would not be appropriate if inflation expectations rose — which is why the expectations channel, rather than the direct price effect, is the variable to watch.","on the fed's likely response, the base case is that policymakers mostly look through tariff-driven price increases. the caveat comes from the last trade war, when fed staff flagged that looking through would not be appropriate if inflation expectations rose — which is why the expectations channel, rather than the direct price effect, is the variable to watch.",,,
sellside-538f5726-0a4f-40fb-b834-9399e23f1a93__line_0011,sellside-538f5726-0a4f-40fb-b834-9399e23f1a93,11,45,US Economics Weekly Update 2/18/2026,us_macro_economy,generic/context-analysis,"- Data center demand is driving electricity prices, which rose 6.9% in 2025 and are expected to rise 6% in 2026-2027; data centers account for about 40% of power demand growth over the next five years.","- data center demand is driving electricity prices, which rose 6.9% in 2025 and are expected to rise 6% in 2026-2027; data centers account for about 40% of power demand growth over the next five years.",,,
sellside-cefdda9f-3b7c-4a53-9950-dfcfa3c6bbc2__line_0004,sellside-cefdda9f-3b7c-4a53-9950-dfcfa3c6bbc2,4,45,US Economics Analyst: The Macroeconomic Spillovers From AI Electricity Demand,us_macro_economy,inflation/quantitative-research,"- Higher power prices are estimated to lift headline PCE inflation by about 0.2/0.15/0.1pp in 2026/2027/2028, combining direct effects and indirect cost passthrough (led by medical, food and transportation services).","- higher power prices are estimated to lift headline pce inflation by about 0.2/0.15/0.1pp in 2026/2027/2028, combining direct effects and indirect cost passthrough (led by medical, food and transportation services).",,,
sellside-6c7a1c8d-841b-4349-a899-82edb61601fd__line_0017,sellside-6c7a1c8d-841b-4349-a899-82edb61601fd,17,45,Global Markets Daily: Power Bottlenecks Could Slow the US in the AI Race With China,us_macro_economy,generic/qualitative-research,"Unpacked. **The core reframing is that the AI race may be gated less by silicon than by electrons — and the two leaders are moving in opposite directions on the one input that is slowest to fix.** The US leads on installed data-center capacity but is depleting its power buffer, while China sits on a large and growing surplus.","unpacked. **the core reframing is that the ai race may be gated less by silicon than by electrons — and the two leaders are moving in opposite directions on the one input that is slowest to fix.** the us leads on installed data-center capacity but is depleting its power buffer, while china sits on a large and growing surplus.",,,
sellside-b5b98c85-aae9-4602-b056-2442c0eaf733__line_0004,sellside-b5b98c85-aae9-4602-b056-2442c0eaf733,4,46,USA: [REDACTED] Economic Indicators Update,us_macro_economy,generic/context-analysis,- The nominal [REDACTED] US Financial Conditions Index tightened 1.6bp to 98.45 over the week; the real FCI eased 0.6bp to 98.10.,- the nominal us financial conditions index tightened 1.6bp to 98.45 over the week; the real fci eased 0.6bp to 98.10.,,,
sellside-8defa598-5c56-4bcd-ba76-57efdc61a1b7__line_0001,sellside-8defa598-5c56-4bcd-ba76-57efdc61a1b7,1,46,USA: [REDACTED] Economic Indicators Update (Rindels),us_macro_economy,generic/context-analysis,"Landscape. - The nominal [REDACTED] US Financial Conditions Index eased 20.7bp to 99.29 over the past week, driven mostly by higher equity prices; the real FCI eased 20.1bp to 98.87.","landscape. - the nominal us financial conditions index eased 20.7bp to 99.29 over the past week, driven mostly by higher equity prices; the real fci eased 20.1bp to 98.87.",,,
sellside-2bb990db-7412-436a-b43d-0d137752d942__line_0001,sellside-2bb990db-7412-436a-b43d-0d137752d942,1,46,USA: [REDACTED] Economic Indicators Update,us_macro_economy,generic/context-analysis,"Landscape. - Nominal Financial Conditions Index (FCI) at 98.43, tightening of 2.4bp on the week, driven by higher 10-year Treasury yields.","landscape. - nominal financial conditions index (fci) at 98.43, tightening of 2.4bp on the week, driven by higher 10-year treasury yields.",,,
sellside-a9475135-31b5-4bf7-ae59-c1614ff9a509__line_0006,sellside-a9475135-31b5-4bf7-ae59-c1614ff9a509,6,47,USA: [REDACTED] Economic Indicators Update,us_macro_economy,generic/context-analysis,"Drivers. - Financial conditions tightening, driven by the move up in the 10-year Treasury yield; both the nominal and real FCI tightened over the week, with the nominal move larger.","drivers. - financial conditions tightening, driven by the move up in the 10-year treasury yield; both the nominal and real fci tightened over the week, with the nominal move larger.",,,
sellside-60222349-89ca-454e-8857-fff13542e51b__line_0006,sellside-60222349-89ca-454e-8857-fff13542e51b,6,47,USA: [REDACTED] Economic Indicators Update,us_macro_economy,generic/context-analysis,Drivers. - The easing in financial conditions is driven by a weaker dollar; both the nominal and real FCIs eased on the week.,drivers. - the easing in financial conditions is driven by a weaker dollar; both the nominal and real fcis eased on the week.,,,
sellside-c3d1c073-2e16-4742-8409-6dfc0840a76b__line_0006,sellside-c3d1c073-2e16-4742-8409-6dfc0840a76b,6,47,USA: [REDACTED] Economic Indicators Update (Rindels),us_macro_economy,generic/context-analysis,Drivers. - The easing in financial conditions is coming from the equity market: higher stock prices are cited as the reason for the decline in both the nominal and real FCI this week.,drivers. - the easing in financial conditions is coming from the equity market: higher stock prices are cited as the reason for the decline in both the nominal and real fci this week.,,,
sellside-bf8b6c4c-c57a-48b3-b634-60cbe0187663__line_0006,sellside-bf8b6c4c-c57a-48b3-b634-60cbe0187663,6,48,"USA: Court Blocks Majority of Tariff Hikes, But White House Could Reinstate Them Following Appeal or Through Other Tariff Authorities",us_macro_economy,generic/qualitative-research,"Opinative impacts. - [REDACTED] sees the ruling as a setback and a source of uncertainty that may not change the final outcome for most major trading partners, given the substitute authorities available.","opinative impacts. - sees the ruling as a setback and a source of uncertainty that may not change the final outcome for most major trading partners, given the substitute authorities available.",,,
sellside-fdd159a9-e1ed-40a1-9ce4-fc23f34e9b68__line_0001,sellside-fdd159a9-e1ed-40a1-9ce4-fc23f34e9b68,1,48,"USA: Court Strikes Down Replacement Tariffs, But Near-Term Effect Likely Limited",us_macro_economy,generic/qualitative-research,Definitive impacts. - The CIT ruling gives the administration 5 days to rescind the Sec. 122 tariffs and requires importers to be paid refunds plus interest; it is set to take effect May 12.,definitive impacts. - the cit ruling gives the administration 5 days to rescind the sec. 122 tariffs and requires importers to be paid refunds plus interest; it is set to take effect may 12.,,,
sellside-71c18a37-faa6-4ddf-96cf-15582a251610__line_0001,sellside-71c18a37-faa6-4ddf-96cf-15582a251610,1,48,"USA: Supreme Court Majority Appears Skeptical of Tariffs Under IEEPA, But President Has Other Tariff Authorities",us_macro_economy,generic/qualitative-research,"Definitive impacts. - Prediction-market odds that the Court upholds the tariffs fell from ~40% before oral arguments to as low as 20% during questioning, settling near 30% afterward — a drop of roughly 10pp.","definitive impacts. - prediction-market odds that the court upholds the tariffs fell from ~40% before oral arguments to as low as 20% during questioning, settling near 30% afterward — a drop of roughly 10pp.",,,
sellside-2ec4a7db-42d3-4f92-99db-714f79fc6ca4__line_0005,sellside-2ec4a7db-42d3-4f92-99db-714f79fc6ca4,5,49,US Daily: Will Tariffs Raise Inflation Expectations? (Abecasis),us_macro_economy,inflation/quantitative-research,"- If tariff price rises prove as salient as gas prices — plausible given heavy media attention — the 10% scenario would lift short- and long-term expectations by 0.9pp and 0.25pp, a materially larger de-anchoring risk that could stay the FOMC's hand on cuts.","- if tariff price rises prove as salient as gas prices — plausible given heavy media attention — the 10% scenario would lift short- and long-term expectations by 0.9pp and 0.25pp, a materially larger de-anchoring risk that could stay the fomc's hand on cuts.",,,
sellside-6d6e9399-fcdd-4af6-8b9c-60a1a6950a2e__line_0007,sellside-6d6e9399-fcdd-4af6-8b9c-60a1a6950a2e,7,49,US Daily: How Much Have Inflation Expectations Increased? (Peng),us_macro_economy,inflation/qualitative-research,"Opinative impacts. - [REDACTED] argues the Michigan signal should be downplayed ""a bit"" right now, given its structural design flaws (small sample, few returning respondents, price-vs-inflation framing) compounded by the three recent biases.","opinative impacts. - argues the michigan signal should be downplayed ""a bit"" right now, given its structural design flaws (small sample, few returning respondents, price-vs-inflation framing) compounded by the three recent biases.",,,
sellside-b5acc12b-5c9f-4540-a358-1b804b35eabf__line_0003,sellside-b5acc12b-5c9f-4540-a358-1b804b35eabf,3,49,US Daily: Why We Only Expect a One-Time Inflation Boost from Tariffs (Mericle),us_macro_economy,inflation/qualitative-research,- Michigan survey inflation expectations have already risen above their pandemic peaks — including long-term expectations — but other survey measures and market-implied compensation have not moved much beyond the one-year horizon.,- michigan survey inflation expectations have already risen above their pandemic peaks — including long-term expectations — but other survey measures and market-implied compensation have not moved much beyond the one-year horizon.,,,
sellside-b2086cbc-d5ce-4676-828e-5c547cfa9bb7__line_0010,sellside-b2086cbc-d5ce-4676-828e-5c547cfa9bb7,10,50,US Daily: Raising Our Growth Forecast and Lowering Our Recession Odds in the Wake of a US-China Trade Deal (Hatzius / Mericle / Phillips / Walker),us_macro_economy,generic/qualitative-research,- [REDACTED] expects further preliminary trade deals in coming weeks that could lower the US effective rate slightly more.,- expects further preliminary trade deals in coming weeks that could lower the us effective rate slightly more.,,,
sellside-cce27532-7b9a-403b-89a1-0f3b6024fe90__line_0003,sellside-cce27532-7b9a-403b-89a1-0f3b6024fe90,3,50,US Daily: Tariff Passthrough Update: More Underway Through June (Peng),us_macro_economy,inflation/quantitative-research,"- US consumers have borne 22% of tariff costs through June, but their share is projected to climb to 67% by October.","- us consumers have borne 22% of tariff costs through june, but their share is projected to climb to 67% by october.",,,
sellside-f3b22bc4-609c-4166-a215-affd8332c546__line_0004,sellside-f3b22bc4-609c-4166-a215-affd8332c546,4,50,US Daily: An Update on Tariff Passthrough (Peng / Mericle),us_macro_economy,inflation/quantitative-research,"- Businesses are bearing the largest share right now, because recently imposed tariffs take time to feed into consumer prices and into renegotiated import prices.","- businesses are bearing the largest share right now, because recently imposed tariffs take time to feed into consumer prices and into renegotiated import prices.",,,
sellside-b6a87662-b6e4-47e9-b3c1-7b5ea5d1a0d2__line_0004,sellside-b6a87662-b6e4-47e9-b3c1-7b5ea5d1a0d2,4,51,US Daily: A More Benign Tone on Tariffs (Phillips),us_macro_economy,generic/post-release-comment,"- **A China tariff hike remains the base case, but with lower conviction and a later timeline.** Odds of a ~20pp hike are cut from 90% to 70%; given the April 1 reporting deadline, implementation is assumed in Q2, with risk skewed toward later.","- **a china tariff hike remains the base case, but with lower conviction and a later timeline.** odds of a ~20pp hike are cut from 90% to 70%; given the april 1 reporting deadline, implementation is assumed in q2, with risk skewed toward later.",,,
sellside-2376ff2c-480a-4ffd-a43c-8daa26475993__line_0004,sellside-2376ff2c-480a-4ffd-a43c-8daa26475993,4,51,US Daily: Updating Our Tariff Assumptions: A Slightly Slower Rise to a Higher Level (Phillips/Peng),us_macro_economy,generic/qualitative-research,"- New 25% sectoral tariffs on heavy trucks and commercial aircraft add ~0.6pp, expected in early 2026.","- new 25% sectoral tariffs on heavy trucks and commercial aircraft add ~0.6pp, expected in early 2026.",,,
sellside-8643f30b-fa51-4a47-8d60-45685a408c63__line_0005,sellside-8643f30b-fa51-4a47-8d60-45685a408c63,5,51,US Daily: What Do Customs Data Tell Us About How Much the Effective Tariff Rate Has Risen? (Peng/Phillips),us_macro_economy,generic/post-release-comment,"Implications. - Both drags — lags and frontloading — are transient, so the Customs-implied rate is expected to converge upward toward the estimate as tariffs stay in place.","implications. - both drags — lags and frontloading — are transient, so the customs-implied rate is expected to converge upward toward the estimate as tariffs stay in place.",,,
sellside-77ef19e1-38ed-4a98-afba-83cd449343b3__line_0003,sellside-77ef19e1-38ed-4a98-afba-83cd449343b3,3,52,US Daily: Finding a Job Takes Longer in a Low-Turnover Labor Market (Mei),us_macro_economy,generic/quantitative-research,"- The decline in churn is broad-based across industries and states, but sharpest in construction, leisure and hospitality, professional services and retail — historically the highest-transition sectors.","- the decline in churn is broad-based across industries and states, but sharpest in construction, leisure and hospitality, professional services and retail — historically the highest-transition sectors.",,,
sellside-6fce349a-5150-44ae-aaaf-25f03a22854a__line_0006,sellside-6fce349a-5150-44ae-aaaf-25f03a22854a,6,52,US Daily: Are College Students Adjusting to AI-Driven Labor Market Shifts?,us_macro_economy,generic/quantitative-research,"- The response looks faster than the multi-year adjustment historically seen, plausibly because AI's salience is unusually high in students' major decisions.","- the response looks faster than the multi-year adjustment historically seen, plausibly because ai's salience is unusually high in students' major decisions.",,,
sellside-a5548681-df48-48b1-97fc-86f7c62874a3__line_0003,sellside-a5548681-df48-48b1-97fc-86f7c62874a3,3,52,US Daily: Why Has the Unemployment Rate of College Graduates Risen More Than Usual?,us_macro_economy,generic/qualitative-research,"- Job growth in industries that employ the largest shares of college graduates (information services, finance, professional and business services) averaged -9k/month over 2023-2025, down from +44k/month over 2017-2019.","- job growth in industries that employ the largest shares of college graduates (information services, finance, professional and business services) averaged -9k/month over 2023-2025, down from +44k/month over 2017-2019.",,,
sellside-216e4d41-1d1f-403f-a27e-288496a76d72__line_0017,sellside-216e4d41-1d1f-403f-a27e-288496a76d72,17,53,"What's Top of Mind in Macro Research: Tariff-induced US recession risk, China's slower growth outlook, US copper tariffs",us_macro_economy,generic/context-analysis,"**On copper, the note pairs a specific policy forecast with a positioning view:** a Section 232 investigation seen leading to a 25% import tariff by mid-2025, a risk the market is underpricing, which motivates a newly initiated long in the Dec-25 COMEX-LME copper arbitrage — the one explicit trade recommendation in the note.","**on copper, the note pairs a specific policy forecast with a positioning view:** a section 232 investigation seen leading to a 25% import tariff by mid-2025, a risk the market is underpricing, which motivates a newly initiated long in the dec-25 comex-lme copper arbitrage — the one explicit trade recommendation in the note.",,,
sellside-5f4e4216-213e-479f-bd8b-41e35e9c1673__line_0011,sellside-5f4e4216-213e-479f-bd8b-41e35e9c1673,11,53,What's Top of Mind in Macro Research: All about Trump tariff risks,us_macro_economy,generic/context-analysis,"- Bond-market volatility is a watch item for US equities: persistently higher rates could pressure earnings and multiples, but only a growth hit would materially dent corporate earnings.","- bond-market volatility is a watch item for us equities: persistently higher rates could pressure earnings and multiples, but only a growth hit would materially dent corporate earnings.",,,
sellside-212bb17a-dab8-4e99-90cb-d1bd9879c1c4__line_0009,sellside-212bb17a-dab8-4e99-90cb-d1bd9879c1c4,9,53,"What's Top of Mind in Macro Research: A significant tariff reprieve, Fed independence concerns, US household balance sheet health",us_macro_economy,generic/context-analysis,"- Fed path repriced: three cuts now expected to start in December (vs. July), at an every-other-meeting pace (vs. sequential), reflecting the improved growth picture.","- fed path repriced: three cuts now expected to start in december (vs. july), at an every-other-meeting pace (vs. sequential), reflecting the improved growth picture.",,,
sellside-b4433122-3bd7-40ff-9b38-e226a864daef__line_0001,sellside-b4433122-3bd7-40ff-9b38-e226a864daef,1,54,US Daily: No Fed Cuts This Year,us_macro_economy,monetary-policy/qualitative-research,"Definitive impacts. - The final two 25bp cuts move to June and December 2027, from December 2026 and March 2027 previously — no cuts in 2026.","definitive impacts. - the final two 25bp cuts move to june and december 2027, from december 2026 and march 2027 previously — no cuts in 2026.",,,
sellside-b50c2801-45e7-4c21-9662-467b171f96a8__line_0003,sellside-b50c2801-45e7-4c21-9662-467b171f96a8,3,54,US Daily: Our Fed Views vs. Market Pricing After the Employment Report (Mericle / Marshall / Zu),us_macro_economy,monetary-policy/qualitative-research,- Core PCE inflation (year-on-year) still projected to fall almost 0.3pp by the March meeting.,- core pce inflation (year-on-year) still projected to fall almost 0.3pp by the march meeting.,,,
sellside-3f65f7d1-35c4-4529-8764-75463bf60bff__line_0002,sellside-3f65f7d1-35c4-4529-8764-75463bf60bff,2,54,US Daily: Shifting to a September Cut and a Lower Terminal Rate (Mericle),us_macro_economy,monetary-policy/qualitative-research,"- Terminal funds rate forecast cut by 50bp, to 3–3.25% from 3.5–3.75%.","- terminal funds rate forecast cut by 50bp, to 3–3.25% from 3.5–3.75%.",,,
sellside-67fd8adc-2082-406e-ad97-c15288c8ec21__line_0003,sellside-67fd8adc-2082-406e-ad97-c15288c8ec21,3,55,US Daily: March FOMC Recap: Still a Two-Cut Baseline (Mericle),us_macro_economy,monetary-policy/post-release-comment,"- **The one genuine surprise was the earlier slowing of balance-sheet runoff, driven by debt-limit concerns.** The FOMC decelerated QT a meeting sooner than [REDACTED] expected, and broke with its usual practice of phasing balance-sheet changes gradually across two meetings — suggesting it felt it had fallen behind. [REDACTED] shares the debt-limit concern and had been surprised the Fed was not moving faster.","- **the one genuine surprise was the earlier slowing of balance-sheet runoff, driven by debt-limit concerns.** the fomc decelerated qt a meeting sooner than expected, and broke with its usual practice of phasing balance-sheet changes gradually across two meetings — suggesting it felt it had fallen behind. shares the debt-limit concern and had been surprised the fed was not moving faster.",,,
sellside-84fbfe32-aeb9-4706-a080-75caa1051d53__line_0004,sellside-84fbfe32-aeb9-4706-a080-75caa1051d53,4,55,US Daily: September FOMC Recap: On Track for an October Cut (Mericle),us_macro_economy,monetary-policy/post-release-comment,"- **Powell's read of the labor market emphasized weakness beyond the headline.** He described the market as ""really cooling off"" and argued that, although labor supply has fallen with lower net immigration, the rise in unemployment points to demand slowing more. He flagged that minority and young workers are faring worse, that part of the drop in participation is probably cyclical, and stressed the Fed doesn't want further softening — the same message it sent when it cut three times a year ago.","- **powell's read of the labor market emphasized weakness beyond the headline.** he described the market as ""really cooling off"" and argued that, although labor supply has fallen with lower net immigration, the rise in unemployment points to demand slowing more. he flagged that minority and young workers are faring worse, that part of the drop in participation is probably cyclical, and stressed the fed doesn't want further softening — the same message it sent when it cut three times a year ago.",,,
sellside-ad1e8e58-c829-41bc-8926-fcf66696db36__line_0002,sellside-ad1e8e58-c829-41bc-8926-fcf66696db36,2,55,"US Daily: January FOMC Preview: Further to Go, but Not for a While",us_macro_economy,monetary-policy/qualitative-research,"- Only minor statement edits expected: possibly dropping the December line that inflation ""has moved up since earlier in the year"" while keeping ""remains somewhat elevated,"" and adding that the unemployment rate ""remains low"" alongside ""has edged up.""","- only minor statement edits expected: possibly dropping the december line that inflation ""has moved up since earlier in the year"" while keeping ""remains somewhat elevated,"" and adding that the unemployment rate ""remains low"" alongside ""has edged up.""",,,
sellside-f8778d46-6199-41c1-8f5f-7094caaef596__line_0004,sellside-f8778d46-6199-41c1-8f5f-7094caaef596,4,56,US Daily: How Problematic Is the Shutdown for October Data Collection? (Walker),us_macro_economy,generic/qualitative-research,"- CPI data quality is already strained: 22 CPI-U series were deemed inadequate for publication on average over the last three months, versus 4 on average in 2019.","- cpi data quality is already strained: 22 cpi-u series were deemed inadequate for publication on average over the last three months, versus 4 on average in 2019.",,,
sellside-ddf004f8-6832-4ff1-a802-2e559e74f33e__line_0010,sellside-ddf004f8-6832-4ff1-a802-2e559e74f33e,10,56,US Daily: Q&A on the Potential Government Shutdown (Phillips/Walker),us_macro_economy,generic/qualitative-research,"- [REDACTED] notes markets have generally shrugged off shutdowns, with no clear pattern; the 10yr yield and dollar have tended to soften after a lapse begins but did not rebound on reopening, suggesting other drivers.","- notes markets have generally shrugged off shutdowns, with no clear pattern; the 10yr yield and dollar have tended to soften after a lapse begins but did not rebound on reopening, suggesting other drivers.",,,
sellside-f657e115-cb8d-41de-8db9-ad0c8f491fa3__line_0005,sellside-f657e115-cb8d-41de-8db9-ad0c8f491fa3,5,56,US Daily: Launching Our Q4 GDP Tracking Estimate,us_macro_economy,generic/release-expectations,- **-1.1pp** — government shutdown drag on Q4 growth (mainly federal furloughs); more than reverses to **+1.3pp** in Q1 2026 as workers return and some spending shifts into the quarter.,- **-1.1pp** — government shutdown drag on q4 growth (mainly federal furloughs); more than reverses to **+1.3pp** in q1 2026 as workers return and some spending shifts into the quarter.,,,
sellside-c235c541-c078-46bf-bf64-a07c1532fbc5__line_0008,sellside-c235c541-c078-46bf-bf64-a07c1532fbc5,8,57,US Week Ahead: November 3 – November 9,us_macro_economy,monetary-policy/context-analysis,"Drivers. - **Data blackout from the shutdown:** construction spending, trade balance, factory orders, JOLTS, productivity, wholesale trade and the employment report are all postponed; the September payrolls report is expected a few days after reopening, assumed mid-November.","drivers. - **data blackout from the shutdown:** construction spending, trade balance, factory orders, jolts, productivity, wholesale trade and the employment report are all postponed; the september payrolls report is expected a few days after reopening, assumed mid-november.",,,
sellside-5f7c0547-a305-4761-bc52-6404751eb2ba__line_0017,sellside-5f7c0547-a305-4761-bc52-6404751eb2ba,17,57,US Week Ahead: May 25 – May 31,us_macro_economy,generic/context-analysis,"Most speakers describe the current stance as only ""mildly"" or ""slightly"" restrictive — Williams, Paulson, and Daly all use versions of that language — which they see as enough to keep pressure on inflation while the labor market holds. **The Middle East conflict is the shared swing factor: Daly notes that if it ends and oil retreats without passing through, the pre-conflict dynamics simply return, while Logan and Jefferson emphasize the opposite tail of prolonged supply disruption.**","most speakers describe the current stance as only ""mildly"" or ""slightly"" restrictive — williams, paulson, and daly all use versions of that language — which they see as enough to keep pressure on inflation while the labor market holds. **the middle east conflict is the shared swing factor: daly notes that if it ends and oil retreats without passing through, the pre-conflict dynamics simply return, while logan and jefferson emphasize the opposite tail of prolonged supply disruption.**",,,
sellside-1a5988d4-4f77-4cb4-aa95-a6fad5a87de0__line_0005,sellside-1a5988d4-4f77-4cb4-aa95-a6fad5a87de0,5,57,US Week Ahead: June 16 – June 22,us_macro_economy,generic/context-analysis,"Drivers. - The June FOMC decision is the week's fulcrum: a hold is expected, with the Fed reiterating it will wait for more clarity on policy and the outlook before moving.","drivers. - the june fomc decision is the week's fulcrum: a hold is expected, with the fed reiterating it will wait for more clarity on policy and the outlook before moving.",,,
sellside-7e8805bb-a890-45ff-be2d-e486eef1061d__line_0008,sellside-7e8805bb-a890-45ff-be2d-e486eef1061d,8,58,USA: ADP Employment Below Expectations; Core Import Prices Slightly Above Expectations; Estimating +0.22% for September Core PCE,us_macro_economy,generic/qualitative-research,- [REDACTED] projects headline PCE at +0.29% MoM (2.81% y/y) and core market-based PCE at +0.24% MoM in September.,- projects headline pce at +0.29% mom (2.81% ) and core market-based pce at +0.24% mom in september.,,,
sellside-142801bd-ec61-4d7a-81f6-d194b8ad1c2c__line_0002,sellside-142801bd-ec61-4d7a-81f6-d194b8ad1c2c,2,58,USA: ADP Employment Slightly Above Consensus Expectations,us_macro_economy,generic/post-release-comment,"The case. - **Private payrolls rose 42k in October, slightly above the +30k consensus but below [REDACTED]'s +70k call.** The gain came off a September pace that was revised down by 3k, from +32k to -29k, so the level of employment was left roughly where the prior report implied.","the case. - **private payrolls rose 42k in october, slightly above the +30k consensus but below 's +70k call.** the gain came off a september pace that was revised down by 3k, from +32k to -29k, so the level of employment was left roughly where the prior report implied.",,,
sellside-6f68b000-2e18-46b3-8b09-943958d0015e__line_0001,sellside-6f68b000-2e18-46b3-8b09-943958d0015e,1,58,USA: ADP Employment Roughly in Line With Expectations,us_macro_economy,generic/post-release-comment,"Context. ADP's December private-payrolls report is the first labor read of the month, and the piece assesses whether it confirms the ongoing softening in US hiring ahead of the official employment data.","context. adp's december private-payrolls report is the first labor read of the month, and the piece assesses whether it confirms the ongoing softening in us hiring ahead of the official employment data.",,,
sellside-dc1a1f76-d034-4250-a4fc-d06169d626ce__line_0008,sellside-dc1a1f76-d034-4250-a4fc-d06169d626ce,8,59,USA: S&P Services PMI Increases; Manufacturing PMI Edges Down,us_macro_economy,generic/post-release-comment,"- Renewed pressure on services input prices is the report's main inflation watch point, contrasting with price relief in manufacturing.","- renewed pressure on services input prices is the report's main inflation watch point, contrasting with price relief in manufacturing.",,,
sellside-44450c0d-b24b-4a90-b1cc-601a0482c7ac__line_0006,sellside-44450c0d-b24b-4a90-b1cc-601a0482c7ac,6,59,USA: S&P Manufacturing PMI Above Expectations; Existing Home Sales Somewhat Above Consensus Expectations,us_macro_economy,generic/post-release-comment,- Housing shows a small upside surprise but no change in the underlying supply-demand balance or price direction.,- housing shows a small upside surprise but no change in the underlying supply-demand balance or price direction.,,,
sellside-e2bd10a8-97da-4910-868e-f5130983d616__line_0005,sellside-e2bd10a8-97da-4910-868e-f5130983d616,5,59,USA: S&P PMIs Mixed as Services Increase but Manufacturing Edges Down; New Home Sales Somewhat Above Expectations; Boosting Q2 GDP Tracking Estimate to 2.6%,us_macro_economy,generic/post-release-comment,"- **Housing surprised firmer, though the West is weak.** New home sales rose 1.6% to a 628k SAAR in June, above forecasts and above [REDACTED]'s own +3.0% (590k) call, with May revised up 38k to 618k. Gains were broad across the South (+9.9%), Northeast (+3.6%) and Midwest (+2.5%), but the West fell sharply for a second straight month (-22.4%), leaving regional strength uneven.","- **housing surprised firmer, though the west is weak.** new home sales rose 1.6% to a 628k saar in june, above forecasts and above 's own +3.0% (590k) call, with may revised up 38k to 618k. gains were broad across the south (+9.9%), northeast (+3.6%) and midwest (+2.5%), but the west fell sharply for a second straight month (-22.4%), leaving regional strength uneven.",,,
sellside-310bd51d-ac91-45ca-b693-48d91191f1f9__line_0014,sellside-310bd51d-ac91-45ca-b693-48d91191f1f9,14,60,US Daily: How Will the BLS’s New Birth-Death Methodology Affect the Payrolls Report?,us_macro_economy,generic/qualitative-research,"At issue. With the January 2026 employment report, the BLS changed how it forecasts the birth-death residual. The new method also uses current-month payroll growth among businesses that answer the establishment survey, industry by industry, to project each month's contribution. In principle this helps the model catch major turning points in real time — in the 2008 recession, surveyed-business payrolls slowed well before the old birth-death forecasts turned down. The immediate effect was a January birth-death contribution about 50k above the comparable prior-year Januaries.","at issue. with the january 2026 employment report, the bls changed how it forecasts the birth-death residual. the new method also uses current-month payroll growth among businesses that answer the establishment survey, industry by industry, to project each month's contribution. in principle this helps the model catch major turning points in real time — in the 2008 recession, surveyed-business payrolls slowed well before the old birth-death forecasts turned down. the immediate effect was a january birth-death contribution about 50k above the comparable prior-year januaries.",,,
sellside-9764bec2-c8b6-42a0-bb2e-1478c41f6e9b__line_0006,sellside-9764bec2-c8b6-42a0-bb2e-1478c41f6e9b,6,60,US Daily: Q&A on the Revisions in the July Employment Report (Abecasis/Walker),us_macro_economy,generic/post-release-comment,"- **The September benchmark revision will likely be large but overstated.** QCEW data point to a preliminary downward benchmark revision of roughly 550k–950k for March 2025 (45–80k/month over April 2024–March 2025), which would be the largest since 2010. But two forces argue it cuts too deep: the QCEW, drawn from unemployment-insurance records, largely misses unauthorized immigrants who boosted employment, and the QCEW has been revised up in nearly every quarter since 2019 — the preliminary benchmark has undershot the final by 119k on average over five years. Separately, the birth-death model probably overstated 2024H2 gains (justifying ~45k/month of the QCEW cut), but that overstatement has since narrowed to around 10k/month, so the benchmark should not be extrapolated forward.","- **the september benchmark revision will likely be large but overstated.** qcew data point to a preliminary downward benchmark revision of roughly 550k–950k for march 2025 (45–80k/month over april 2024–march 2025), which would be the largest since 2010. but two forces argue it cuts too deep: the qcew, drawn from unemployment-insurance records, largely misses unauthorized immigrants who boosted employment, and the qcew has been revised up in nearly every quarter since 2019 — the preliminary benchmark has undershot the final by 119k on average over five years. separately, the birth-death model probably overstated 2024h2 gains (justifying ~45k/month of the qcew cut), but that overstatement has since narrowed to around 10k/month, so the benchmark should not be extrapolated forward.",,,
sellside-0e2597fe-4ccd-48e5-94ad-517676be8cf8__line_0006,sellside-0e2597fe-4ccd-48e5-94ad-517676be8cf8,6,60,US Daily: What Do the Preliminary Benchmark Revisions to Payrolls Tell Us About the Economy? (Abecasis),us_macro_economy,generic/qualitative-research,"- Personal income and GDI: only modest revisions expected, since QCEW compensation growth closely matched the establishment survey; GDP effect very small (under 5bp).","- personal income and gdi: only modest revisions expected, since qcew compensation growth closely matched the establishment survey; gdp effect very small (under 5bp).",,,
sellside-b7daa3a1-6064-40ae-a02b-a1406c57071d__line_0011,sellside-b7daa3a1-6064-40ae-a02b-a1406c57071d,11,61,US Daily: June Payrolls Preview,us_macro_economy,generic/release-expectations,"- Labour-demand signals are soft but stable: job openings across JOLTS, Indeed and LinkUp roughly unchanged, the Conference Board labour differential down 2.6pt to +2.4, and jobless claims up to 223k (from 203k). Employer survey employment components are discounted as unreliable post-pandemic.","- labour-demand signals are soft but stable: job openings across jolts, indeed and linkup roughly unchanged, the conference board labour differential down 2.6pt to +2.4, and jobless claims up to 223k (from 203k). employer survey employment components are discounted as unreliable post-pandemic.",,,
sellside-095d280b-17fa-462d-9fb9-78ba2251cb90__line_0007,sellside-095d280b-17fa-462d-9fb9-78ba2251cb90,7,61,US Daily: July Payrolls Preview,us_macro_economy,generic/release-expectations,"Outlook. - Risks skew toward a weaker print, per [REDACTED]: the alternative measures slowed, and the last three Julys each saw payrolls decelerate from their prior three-month average (by -66k on average) and miss consensus (by -35k), alongside downward revisions to the prior two months averaging -112k.","outlook. - risks skew toward a weaker print, per : the alternative measures slowed, and the last three julys each saw payrolls decelerate from their prior three-month average (by -66k on average) and miss consensus (by -35k), alongside downward revisions to the prior two months averaging -112k.",,,
sellside-32250537-bfa5-43fb-82ae-9e231d412050__line_0004,sellside-32250537-bfa5-43fb-82ae-9e231d412050,4,61,US Daily: November Payrolls Preview,us_macro_economy,generic/release-expectations,- **+10k** total nonfarm payrolls in October; **+70k** private payrolls in October.,- **+10k** total nonfarm payrolls in october; **+70k** private payrolls in october.,,,
sellside-88668dd1-345a-4874-b20c-86a85f0f5af8__line_0015,sellside-88668dd1-345a-4874-b20c-86a85f0f5af8,15,62,US Daily: A Retrospective on 10 Questions for 2025,us_macro_economy,generic/context-analysis,"The labor market was the clearest miss. **The expectation that unemployment would edge down to 4% rested on reading 2024's softening as a temporary struggle to absorb surging immigrants rather than weak demand — but demand proved the binding constraint, and unemployment rose to 4.4%.** Slower immigration did materialize; it simply was not enough to offset an even sharper slowdown in hiring.","the labor market was the clearest miss. **the expectation that unemployment would edge down to 4% rested on reading 2024's softening as a temporary struggle to absorb surging immigrants rather than weak demand — but demand proved the binding constraint, and unemployment rose to 4.4%.** slower immigration did materialize; it simply was not enough to offset an even sharper slowdown in hiring.",,,
sellside-2a4eae08-073e-4787-826e-751d9b5a3bfa__line_0010,sellside-2a4eae08-073e-4787-826e-751d9b5a3bfa,10,62,US Daily: August Immigration Update: Headwinds to Authorized Immigration (Peng),us_macro_economy,generic/qualitative-research,- Net immigration of visa and green-card holders is seen falling to slightly below 800k/month in 2026H1 on tighter H-1B policy.,- net immigration of visa and green-card holders is seen falling to slightly below 800k/month in 2026h1 on tighter h-1b policy.,,,
sellside-497e9095-688f-4640-80b1-3b11e36c22fb__line_0016,sellside-497e9095-688f-4640-80b1-3b11e36c22fb,16,62,US Daily: Only a Modest Labor Market Hit from Immigration Crackdown (So Far) (Peng),us_macro_economy,generic/qualitative-research,"The one genuine crack is in the survey itself. **Falling response rates among recent immigrants raise the possibility that frightened, unauthorized workers are simply not being counted — but even the most pessimistic reading of that gap caps the employment hit at 4%,** which is why the ""so far"" in the title carries weight rather than alarm.","the one genuine crack is in the survey itself. **falling response rates among recent immigrants raise the possibility that frightened, unauthorized workers are simply not being counted — but even the most pessimistic reading of that gap caps the employment hit at 4%,** which is why the ""so far"" in the title carries weight rather than alarm.",,,
sellside-b0ceb972-3a77-4e00-8a54-3eb9ff5b4458__line_0017,sellside-b0ceb972-3a77-4e00-8a54-3eb9ff5b4458,17,63,US Daily: July [REDACTED]: Sideways Summer (Rindels),us_macro_economy,generic/context-analysis,"The margin and pricing-power theme is where the report carries the most signal. Kansas City Fed firms lean clearly negative on margins both retrospectively and prospectively, and about a third of both services and manufacturing firms say cost pass-through has grown harder. **The [REDACTED]'s own special questions echo this: while 75% of analysts say margins have risen or held versus 2024H2, none report easier pass-through than a year ago, and half say it has become slightly or significantly harder — a one-sided shift toward weaker pricing power.** That combination — decent margins now, but eroding ability to pass on costs and 42% expecting slight margin declines ahead — frames the ""sideways summer"" as a plateau with a downward tilt rather than stability.","the margin and pricing-power theme is where the report carries the most signal. kansas city fed firms lean clearly negative on margins both retrospectively and prospectively, and about a third of both services and manufacturing firms say cost pass-through has grown harder. **the 's own special questions echo this: while 75% of analysts say margins have risen or held versus 2024h2, none report easier pass-through than a year ago, and half say it has become slightly or significantly harder — a one-sided shift toward weaker pricing power.** that combination — decent margins now, but eroding ability to pass on costs and 42% expecting slight margin declines ahead — frames the ""sideways summer"" as a plateau with a downward tilt rather than stability.",,,
sellside-93a94553-845a-43ca-89bc-2fc95347ecdb__line_0006,sellside-93a94553-845a-43ca-89bc-2fc95347ecdb,6,63,US Daily: January [REDACTED]: Lower Temps but a Higher [REDACTED],us_macro_economy,generic/context-analysis,"- The employment components of the trackers, however, fell below 50: manufacturing dropped 1.1pt, to 48.7, and services was flat at 49.7.","- the employment components of the trackers, however, fell below 50: manufacturing dropped 1.1pt, to 48.7, and services was flat at 49.7.",,,
sellside-7fd6e101-57d6-4717-afd9-c9e33149da3c__line_0013,sellside-7fd6e101-57d6-4717-afd9-c9e33149da3c,13,63,US Daily: May [REDACTED]: Springing,us_macro_economy,generic/context-analysis,"- Downside (labor, medium-term): among AI-using firms, 20% expect AI to reduce headcount needs over the next few years, against only 1% reporting any increase to date — an asymmetric skew toward job displacement rather than augmentation.","- downside (labor, medium-term): among ai-using firms, 20% expect ai to reduce headcount needs over the next few years, against only 1% reporting any increase to date — an asymmetric skew toward job displacement rather than augmentation.",,,
sellside-38214b24-5595-4c1e-982f-1de6add8bc2c__line_0005,sellside-38214b24-5595-4c1e-982f-1de6add8bc2c,5,64,[REDACTED] FX Morning Notes: Another Test to Risk from Payrolls,us_macro_economy,generic/release-expectations,Outlook. - [REDACTED] sees the key market signal in whether the Household survey realigns upward toward the more benign broader dataset — several household indicators (including the employment-to-population ratio) have painted a weaker labour picture than low jobless claims and stabilising job openings suggest.,outlook. - sees the key market signal in whether the household survey realigns upward toward the more benign broader dataset — several household indicators (including the employment-to-population ratio) have painted a weaker labour picture than low jobless claims and stabilising job openings suggest.,,,
sellside-1e34f704-3fed-4b56-a3f6-3a6c9784b90b__line_0011,sellside-1e34f704-3fed-4b56-a3f6-3a6c9784b90b,11,64,[REDACTED] FX Morning Notes: Data Download,us_macro_economy,monetary-policy/context-analysis,"**Today's JOLTS print is flagged as a below-consensus call.** [REDACTED] economists look for 7,100k May job openings, below consensus, consistent with an unwind of last month's upside surprise that they see as at odds with online alternative data. No explicit FX trade idea is given beyond the near-term Dollar-strength lean.","**today's jolts print is flagged as a below-consensus call.** economists look for 7,100k may job openings, below consensus, consistent with an unwind of last month's upside surprise that they see as at odds with online alternative data. no explicit fx trade idea is given beyond the near-term dollar-strength lean.",,,
sellside-54ebbf61-f250-4388-870f-4dcb753ebd8c__line_0005,sellside-54ebbf61-f250-4388-870f-4dcb753ebd8c,5,64,[REDACTED] FX Morning Notes: Payrolls Vol,us_macro_economy,generic/release-expectations,"Outlook. - [REDACTED] economists see an eventual reset lower in NFP growth, arguing current establishment-survey strength is inconsistent with other labour-market indicators — lagging household-survey jobs growth, an employment/population ratio near multi-year lows, and slack measures still pointing to gradual loosening.","outlook. - economists see an eventual reset lower in nfp growth, arguing current establishment-survey strength is inconsistent with other labour-market indicators — lagging household-survey jobs growth, an employment/population ratio near multi-year lows, and slack measures still pointing to gradual loosening.",,,
sellside-c075d6dc-c631-419c-8a64-d76a90e14bf3__line_0003,sellside-c075d6dc-c631-419c-8a64-d76a90e14bf3,3,65,[REDACTED] FX Morning Notes: Limited initial reaction to weaker UK data,us_macro_economy,generic/context-analysis,"- UK data weak across the board: a notable miss in the flash services PMI, a disappointing (and volatile) retail sales print, and October public sector net borrowing £2.4bn above expectations.","- uk data weak across the board: a notable miss in the flash services pmi, a disappointing (and volatile) retail sales print, and october public sector net borrowing £2.4bn above expectations.",,,
sellside-eb92dc5f-ef42-4eb4-8c89-6bfe318006e9__line_0003,sellside-eb92dc5f-ef42-4eb4-8c89-6bfe318006e9,3,65,[REDACTED] FX Morning Notes: Breaking Free,us_macro_economy,monetary-policy/context-analysis,"- Front-end US swap rates moved only muted overnight, a smaller response than the Dollar's, signalling rate differentials are not the main driver.","- front-end us swap rates moved only muted overnight, a smaller response than the dollar's, signalling rate differentials are not the main driver.",,,
sellside-2806409a-9fbd-45fb-9e61-3de2d4512bcb__line_0005,sellside-2806409a-9fbd-45fb-9e61-3de2d4512bcb,5,65,[REDACTED] FX Morning Notes: More Soft News on UK Growth,us_macro_economy,generic/context-analysis,"- US activity-data surprises have tapered since around November 2024, after running consistently to the upside for most of the year.","- us activity-data surprises have tapered since around november 2024, after running consistently to the upside for most of the year.",,,
sellside-993f631a-1ad8-4992-a06d-71db1655372d__line_0007,sellside-993f631a-1ad8-4992-a06d-71db1655372d,7,66,"USA: ADP Employment, ISM Services Below Expectations; S&P Services PMI Revised Up; Lowering Payroll Growth Forecast to +110k",us_macro_economy,generic/post-release-comment,- The recurring mentions of tariffs as a cost source in services reinforces the price pass-through channel to monitor in upcoming data.,- the recurring mentions of tariffs as a cost source in services reinforces the price pass-through channel to monitor in upcoming data.,,,
sellside-b46a9921-0137-40f6-8bb8-ed075e436c30__line_0005,sellside-b46a9921-0137-40f6-8bb8-ed075e436c30,5,66,USA: ISM Services Slightly Below Expectations,us_macro_economy,generic/post-release-comment,"- **The parallel S&P Global PMI corroborated the firmer demand read.** The final July services PMI was revised up 1.0pt to 54.6, beating the 53.6 median. New business (+0.6pt to 54.2) and employment (+0.2pt to 50.8) were revised up. On prices, input prices rose (+0.8pt to 63.0) while output prices were revised down (−0.5pt to 58.5) — both at their highest since May 2025.","- **the parallel s&p global pmi corroborated the firmer demand read.** the final july services pmi was revised up 1.0pt to 54.6, beating the 53.6 median. new business (+0.6pt to 54.2) and employment (+0.2pt to 50.8) were revised up. on prices, input prices rose (+0.8pt to 63.0) while output prices were revised down (−0.5pt to 58.5) — both at their highest since may 2025.",,,
sellside-bc25ce0a-0875-4693-ac00-1233516296fb__line_0002,sellside-bc25ce0a-0875-4693-ac00-1233516296fb,2,66,USA: ISM Services Slightly Above Consensus Expectations; S&P Services PMI Revised Down,us_macro_economy,generic/post-release-comment,"The case. - **ISM services rose modestly but with mixed internals.** The headline index edged up 0.2pt to 52.6, beating both the median forecast of 52.0 and consensus for a decline. Business activity (+0.2pt to 54.5) and employment (+0.7pt to 48.9, still below 50) improved, but new orders fell sharply (-3.3pt to 52.9). Supplier deliveries rose 3.3pt to 54.1, signalling slower delivery performance, and both new export orders and imports increased on an NSA basis.","the case. - **ism services rose modestly but with mixed internals.** the headline index edged up 0.2pt to 52.6, beating both the median forecast of 52.0 and consensus for a decline. business activity (+0.2pt to 54.5) and employment (+0.7pt to 48.9, still below 50) improved, but new orders fell sharply (-3.3pt to 52.9). supplier deliveries rose 3.3pt to 54.1, signalling slower delivery performance, and both new export orders and imports increased on an nsa basis.",,,
sellside-c5cee45f-7bf8-476b-a515-c7bb312b921c__line_0006,sellside-c5cee45f-7bf8-476b-a515-c7bb312b921c,6,67,USA: Job Openings and ISM Manufacturing Index Above Expectations; Construction Spending Declines in May; Lowering GDP Tracking Estimate to +3.6%,us_macro_economy,generic/post-release-comment,- The headline growth pace overstates underlying momentum: Q2 domestic final sales are tracked at just +0.1%.,- the headline growth pace overstates underlying momentum: q2 domestic final sales are tracked at just +0.1%.,,,
sellside-175f5460-39d3-4f98-9d5d-076189ff0dce__line_0002,sellside-175f5460-39d3-4f98-9d5d-076189ff0dce,2,67,USA: ISM Manufacturing Index Below Expectations; S&P Global Manufacturing PMI Revised Down; Construction Spending Declines,us_macro_economy,generic/post-release-comment,"The case. - **The ISM headline fell but the composition was firmer.** The index edged down 0.2pt to 48.5, against expectations for a rise, yet the key demand and labor components all improved: new orders (+0.4pt to 47.6), production (+1.4pt to 45.4), and employment (+0.3pt to 46.8). The weakness was concentrated in trade — new export orders dropped 3.0pt to 40.1 (lowest since May 2020) and imports fell 7.2pt to 39.9 (lowest since May 2009) — alongside a 4.1pt drop in inventories to 46.7. Tariffs remained a live theme (22 mentions vs. 27 in April), with respondents noting suppliers passing tariffs through at full value and uncertainty pressuring profitability.","the case. - **the ism headline fell but the composition was firmer.** the index edged down 0.2pt to 48.5, against expectations for a rise, yet the key demand and labor components all improved: new orders (+0.4pt to 47.6), production (+1.4pt to 45.4), and employment (+0.3pt to 46.8). the weakness was concentrated in trade — new export orders dropped 3.0pt to 40.1 (lowest since may 2020) and imports fell 7.2pt to 39.9 (lowest since may 2009) — alongside a 4.1pt drop in inventories to 46.7. tariffs remained a live theme (22 mentions vs. 27 in april), with respondents noting suppliers passing tariffs through at full value and uncertainty pressuring profitability.",,,
sellside-a16a232c-a040-44f6-bd03-6ad25cd5f521__line_0001,sellside-a16a232c-a040-44f6-bd03-6ad25cd5f521,1,67,USA: ISM Manufacturing and Construction Spending Somewhat Above Expectations,us_macro_economy,generic/post-release-comment,"Context. A same-day reaction to the January ISM manufacturing release, the final S&P Global manufacturing PMI, and December construction spending — gauging whether the manufacturing sector is turning up and what the prints imply for near-term growth tracking.","context. a same-day reaction to the january ism manufacturing release, the final s&p global manufacturing pmi, and december construction spending — gauging whether the manufacturing sector is turning up and what the prints imply for near-term growth tracking.",,,
sellside-2b421ff8-b7e2-4560-8866-c60ce30bd3df__line_0005,sellside-2b421ff8-b7e2-4560-8866-c60ce30bd3df,5,68,USA: Personal Spending Below Expectations; UMich Inflation Expectations Revised Higher; Lowering Q1 GDP Tracking to +0.6%,us_macro_economy,inflation/post-release-comment,"- **Inflation expectations surged, but with a caveat.** Year-ahead expectations were revised up to 5.0% (highest since November 2022) and the 5–10-year measure to 4.1% (highest since February 1993). The note argues part of the near-term surge reflects distortions that make the Michigan year-ahead measure unusually sensitive to tariff news — yet stresses that nearly all survey- and market-based measures have risen, so it does not dismiss the move as noise. The long-run rise was concentrated among independents with a sizable Republican increase.","- **inflation expectations surged, but with a caveat.** year-ahead expectations were revised up to 5.0% (highest since november 2022) and the 5–10-year measure to 4.1% (highest since february 1993). the note argues part of the near-term surge reflects distortions that make the michigan year-ahead measure unusually sensitive to tariff news — yet stresses that nearly all survey- and market-based measures have risen, so it does not dismiss the move as noise. the long-run rise was concentrated among independents with a sizable republican increase.",,,
sellside-535da3ab-93e1-4fd4-bab5-81cd9f388c67__line_0007,sellside-535da3ab-93e1-4fd4-bab5-81cd9f388c67,7,68,USA: UMich Sentiment Falls Further; Inflation Expectations Decline Despite Reported Concerns About High Prices,us_macro_economy,generic/qualitative-research,"At issue. The University of Michigan's May preliminary consumer sentiment report. The headline index dropped to 48.2, dragged by a sharp fall in current conditions, while forward expectations ticked slightly higher. UMich attributed the weakness to cost pressures ""led by soaring prices at the pump,"" with gasoline and tariffs the most-cited concerns, and noted that Middle East developments are unlikely to lift sentiment until supply disruptions resolve and energy prices fall. Despite these price concerns, both the 1-year and 5-10-year inflation expectation measures fell.","at issue. the university of michigan's may preliminary consumer sentiment report. the headline index dropped to 48.2, dragged by a sharp fall in current conditions, while forward expectations ticked slightly higher. umich attributed the weakness to cost pressures ""led by soaring prices at the pump,"" with gasoline and tariffs the most-cited concerns, and noted that middle east developments are unlikely to lift sentiment until supply disruptions resolve and energy prices fall. despite these price concerns, both the 1-year and 5-10-year inflation expectation measures fell.",,,
sellside-4eb310e3-d104-4104-be73-5c93d0673c8e__line_0006,sellside-4eb310e3-d104-4104-be73-5c93d0673c8e,6,68,USA: UMich Sentiment Rises; Inflation Expectations Fall,us_macro_economy,inflation/qualitative-research,"Opinative impacts. - None beyond the reported data. [REDACTED] offers no policy call, market-reaction view, or forward inference in this note.","opinative impacts. - none beyond the reported data. offers no policy call, market-reaction view, or forward inference in this note.",,,
sellside-a6116fd0-b772-4441-8fd5-c14dacfaf12d__line_0016,sellside-a6116fd0-b772-4441-8fd5-c14dacfaf12d,16,69,US Week Ahead: July 28 - August 3,us_macro_economy,generic/release-expectations,"- **7,300k** — June JOLTS job openings, vs. 7,769k prior and consensus 7,525k.","- **7,300k** — june jolts job openings, vs. 7,769k prior and consensus 7,525k.",,,
sellside-1a9085aa-56c3-475a-8a33-fe4419441355__line_0002,sellside-1a9085aa-56c3-475a-8a33-fe4419441355,2,69,US Week Ahead: May 4 - May 10,us_macro_economy,generic/release-expectations,"- **+75k nonfarm payrolls** in April (consensus +62k), down from +178k last; private payrolls +80k (consensus +75k, last +186k). [REDACTED] expects a 5k drop in government payrolls (−10k federal, partly offset by +5k state and local).","- **+75k nonfarm payrolls** in april (consensus +62k), down from +178k last; private payrolls +80k (consensus +75k, last +186k). expects a 5k drop in government payrolls (−10k federal, partly offset by +5k state and local).",,,
sellside-3dcd809c-9a5c-4c42-bb53-2d0995c43948__line_0005,sellside-3dcd809c-9a5c-4c42-bb53-2d0995c43948,5,69,US Week Ahead: April 28 - May 4,us_macro_economy,generic/release-expectations,"- **+0.95% q/q** Employment Cost Index for Q1, taking the y/y rate down two tenths to 3.6%; consensus +0.9%, last +0.9%.","- **+0.95% ** employment cost index for q1, taking the rate down two tenths to 3.6%; consensus +0.9%, last +0.9%.",,,
sellside-abfac278-cd6b-40f4-b86f-620a8b791002__line_0006,sellside-abfac278-cd6b-40f4-b86f-620a8b791002,6,70,Global Markets Daily: De-Dollarization A Gradual Path For Asia Credit Investors (Ho),us_macro_economy,generic/context-analysis,"Drivers. - Structural surplus-and-demographics demand for foreign bonds remains firm and slow-moving: Japan, Taiwan, China, Singapore, Hong Kong and Korea run current-account surpluses and are aging, forces that keep foreign fixed-income demand elevated and unlikely to abate soon.","drivers. - structural surplus-and-demographics demand for foreign bonds remains firm and slow-moving: japan, taiwan, china, singapore, hong kong and korea run current-account surpluses and are aging, forces that keep foreign fixed-income demand elevated and unlikely to abate soon.",,,
sellside-d63e6fb0-e576-4a3c-8534-b25ed197cef0__line_0001,sellside-d63e6fb0-e576-4a3c-8534-b25ed197cef0,1,70,Global Markets Daily: CNY Resilience to Persist Despite Additional Tariff Risks (Suwanapruti/Chen),us_macro_economy,generic/qualitative-research,"Definitive impacts. - USD/CNY fixes came in *stronger*, not weaker, after the new threat: 7.1007 (Mon 13 Oct) and 7.1021 (Tue 14 Oct) versus Friday's 7.1048, even as USD/CNH rose offshore.","definitive impacts. - usd/cny fixes came in *stronger*, not weaker, after the new threat: 7.1007 (mon 13 oct) and 7.1021 (tue 14 oct) versus friday's 7.1048, even as usd/cnh rose offshore.",,,
sellside-370229ef-4ca0-4e33-8a89-8cd9851f2e5b__line_0016,sellside-370229ef-4ca0-4e33-8a89-8cd9851f2e5b,16,70,Global Markets Daily: The Case for Further Asian FX Appreciation Over the Summer,us_macro_economy,generic/context-analysis,"Taiwan is a flow story built on years of hoarded dollars. The sharp 2 May move — concentrated in two days and initially tied to speculation, later denied by the CBC, that US officials sought a stronger TWD — is treated as a first installment. **The larger driver is the region's biggest stock of foreign-currency deposits plus USD 700bn of lifer overseas assets, roughly USD 200bn unhedged, which as hedge ratios rise becomes structural USD selling against the TWD and proxy pairs.**","taiwan is a flow story built on years of hoarded dollars. the sharp 2 may move — concentrated in two days and initially tied to speculation, later denied by the cbc, that us officials sought a stronger twd — is treated as a first installment. **the larger driver is the region's biggest stock of foreign-currency deposits plus usd 700bn of lifer overseas assets, roughly usd 200bn unhedged, which as hedge ratios rise becomes structural usd selling against the twd and proxy pairs.**",,,
sellside-36f9ef3d-e763-4f2a-8cf5-f9ed757a15b7__line_0002,sellside-36f9ef3d-e763-4f2a-8cf5-f9ed757a15b7,2,71,US Economics Analyst: What Data to Watch During the Government Shutdown (Walker/Phillips),us_macro_economy,generic/context-analysis,- Labor market tightness loosened further in September and now sits at 2015 levels — less tight than in 2018–2019.,- labor market tightness loosened further in september and now sits at 2015 levels — less tight than in 2018–2019.,,,
sellside-1f45efec-118f-456d-a997-f472409f0b53__line_0010,sellside-1f45efec-118f-456d-a997-f472409f0b53,10,71,US Economics Analyst: Tracking the Economy During the Shutdown with Alternative Data,us_macro_economy,generic/context-analysis,"- **Equipment capex is decelerating** as the tariff-driven frontloading of technology-goods imports fades: growth slows from 15% annualized in 2025H1 to an estimated 2.3% in 2025H2; Taiwanese trade data confirm the slowdown, with possible payback ahead.","- **equipment capex is decelerating** as the tariff-driven frontloading of technology-goods imports fades: growth slows from 15% annualized in 2025h1 to an estimated 2.3% in 2025h2; taiwanese trade data confirm the slowdown, with possible payback ahead.",,,
sellside-fa72d2c5-210c-4808-a0ca-28812d81f805__line_0008,sellside-fa72d2c5-210c-4808-a0ca-28812d81f805,8,71,"Top of Mind: Trump tariffs: mostly talk, or big action?",us_macro_economy,generic/context-analysis,- **Directional (rates):** An even flatter Treasury curve is expected if broad tariffs materialize.,- **directional (rates):** an even flatter treasury curve is expected if broad tariffs materialize.,,,
sellside-41b4e07c-ac46-48cb-a877-ad90fa2e0950__line_0001,sellside-41b4e07c-ac46-48cb-a877-ad90fa2e0950,1,72,G10 Consumer Dashboard: February 2025: Consumer Spending Indicators Improve in Canada and the UK,us_macro_economy,generic/context-analysis,"Landscape. - Composite consumer health ranks the Euro area highest at ~P70, Canada and the US around P60, and the UK, Japan and Australia in the lower tail at ~P40.","landscape. - composite consumer health ranks the euro area highest at ~p70, canada and the us around p60, and the uk, japan and australia in the lower tail at ~p40.",,,
sellside-3c2acf1d-84bc-4621-9c4a-3b5d19caf2a8__line_0002,sellside-3c2acf1d-84bc-4621-9c4a-3b5d19caf2a8,2,72,G10 Consumer Dashboard: April 2026: Consumer Sentiment Continues to Decline Across DMs,us_macro_economy,generic/context-analysis,"- Consumer sentiment remains well below its historical average across the G10, with the University of Michigan preliminary April reading at the lowest level in the survey's history.","- consumer sentiment remains well below its historical average across the g10, with the university of michigan preliminary april reading at the lowest level in the survey's history.",,,
sellside-a0cff4ed-ac3b-4d35-b82b-31a063a74f48__line_0014,sellside-a0cff4ed-ac3b-4d35-b82b-31a063a74f48,14,72,G10 Consumer Dashboard: August 2025: Consumer Sentiment Improves Outside the Euro Area,us_macro_economy,generic/context-analysis,"Unpacked. **The core message is a persistent gap between healthy fundamentals and cautious behavior: G10 consumers hold strong balance sheets and mostly tight labor markets, yet sentiment and spending stay subdued.** Net worth ranks high across almost every economy, but the flow side is weaker — real net worth growth has stalled since the start of the year, deeply so in Japan.","unpacked. **the core message is a persistent gap between healthy fundamentals and cautious behavior: g10 consumers hold strong balance sheets and mostly tight labor markets, yet sentiment and spending stay subdued.** net worth ranks high across almost every economy, but the flow side is weaker — real net worth growth has stalled since the start of the year, deeply so in japan.",,,
sellside-496a304b-5a23-4fca-a7e8-f9c1972ac649__line_0010,sellside-496a304b-5a23-4fca-a7e8-f9c1972ac649,10,73,G10 Consumer Dashboard: June 2026: Resilience in Japan,us_macro_economy,generic/context-analysis,"- Labor markets are splitting — tight in the Euro area, Australia and Japan, normalized in the US, and notably softer in the UK and Canada, with UK private-sector pay growth easing to 2.9% in April.","- labor markets are splitting — tight in the euro area, australia and japan, normalized in the us, and notably softer in the uk and canada, with uk private-sector pay growth easing to 2.9% in april.",,,
sellside-31e07fe1-ca84-4113-bd32-a04607318018__line_0005,sellside-31e07fe1-ca84-4113-bd32-a04607318018,5,73,G10 Consumer Dashboard: July 2025: Slower Global Spending Growth,us_macro_economy,generic/context-analysis,"- Unemployment is near historical lows in the Euro area (6.2%), Japan (2.5%) and Australia (4.3%); at ~P70 in the US (4.1%), P30 in the UK (4.7%, 3m MA) and P20 in Canada (6.9%).","- unemployment is near historical lows in the euro area (6.2%), japan (2.5%) and australia (4.3%); at ~p70 in the us (4.1%), p30 in the uk (4.7%, 3m ma) and p20 in canada (6.9%).",,,
sellside-2a62f39f-6111-4379-bef8-dfd688611f19__line_0007,sellside-2a62f39f-6111-4379-bef8-dfd688611f19,7,73,G10 Consumer Dashboard: January 2026: Spending Growth Improves in the US and Euro Area,us_macro_economy,generic/context-analysis,"Drivers. - Labor markets keep supporting consumption outside the UK and Canada; unemployment ticked down in the US (partly reversing shutdown-related noise in government payrolls), the Euro area, and Australia — though the Australian and euro-area drops ran well below consensus and against softening leading indicators.","drivers. - labor markets keep supporting consumption outside the uk and canada; unemployment ticked down in the us (partly reversing shutdown-related noise in government payrolls), the euro area, and australia — though the australian and euro-area drops ran well below consensus and against softening leading indicators.",,,
sellside-2d30dfbe-a151-4144-960c-2e26176e4947__line_0004,sellside-2d30dfbe-a151-4144-960c-2e26176e4947,4,74,USA: Payroll Growth Well Above Expectations; Unemployment Rate Declines to 4.1%; Pushing Back Fed Cuts,us_macro_economy,generic/post-release-comment,"- **Wage growth is firm but not accelerating.** Average hourly earnings rose 0.28% on the month, in line with expectations, with the year-over-year rate easing to 3.9%; the estimated underlying pace holds at 3.8%. Wages are consistent with a tight labor market without adding fresh inflation pressure of their own.","- **wage growth is firm but not accelerating.** average hourly earnings rose 0.28% on the month, in line with expectations, with the year-over-year rate easing to 3.9%; the estimated underlying pace holds at 3.8%. wages are consistent with a tight labor market without adding fresh inflation pressure of their own.",,,
sellside-fdfd3b41-7a99-4467-8664-9afe892dd850__line_0008,sellside-fdfd3b41-7a99-4467-8664-9afe892dd850,8,74,USA: Payroll Growth in Line With Expectations; Unemployment Rate Rises to 4.1%,us_macro_economy,generic/post-release-comment,"- The federal cuts are a known, policy-driven headwind to watch in coming months rather than evidence of broader labor demand weakness.","- the federal cuts are a known, policy-driven headwind to watch in coming months rather than evidence of broader labor demand weakness.",,,
sellside-ea5b2558-4358-4aed-a709-dcf4d8d370ae__line_0005,sellside-ea5b2558-4358-4aed-a709-dcf4d8d370ae,5,74,USA: Payroll Growth Below Expectations; Unemployment Rate Declines Along With Labor Force Participation,us_macro_economy,generic/post-release-comment,Implications. - The report reads softer than the headline unemployment drop implies: hiring momentum is fading (underlying pace ~74k) while the rate improvement rests on people exiting the labor force.,implications. - the report reads softer than the headline unemployment drop implies: hiring momentum is fading (underlying pace ~74k) while the rate improvement rests on people exiting the labor force.,,,
sellside-5434ed6e-dd3e-4635-bc7f-36aa7a9f4a75__line_0003,sellside-5434ed6e-dd3e-4635-bc7f-36aa7a9f4a75,3,75,USA: Housing Starts Below Expectations,us_macro_economy,generic/post-release-comment,"- **Building permits, a forward-looking signal, were the weaker element.** Permits fell 3.7% to 1,312k (SAAR) — the lowest since June 2020 — against consensus for a small rise. The softness spanned both multi-family (-6.4%) and single-family (-2.2%) permits and most regions, the West (+9.5%) being the exception. The permits reading points to continued weakness in the construction pipeline.","- **building permits, a forward-looking signal, were the weaker element.** permits fell 3.7% to 1,312k (saar) — the lowest since june 2020 — against consensus for a small rise. the softness spanned both multi-family (-6.4%) and single-family (-2.2%) permits and most regions, the west (+9.5%) being the exception. the permits reading points to continued weakness in the construction pipeline.",,,
sellside-6e960c0a-24f4-44b4-9c10-f37f41322038__line_0004,sellside-6e960c0a-24f4-44b4-9c10-f37f41322038,4,75,USA: Housing Starts Below Expectations in January; Lowering Q1 GDP Tracking Estimate to +1.9%,us_macro_economy,generic/post-release-comment,"Implications. - The Q1 GDP tracking estimate was cut 0.1pp to +1.9% (q/q annualized) and Q1 domestic final sales 0.1pp to +2.1% — a marginal mechanical adjustment, not a change in the growth outlook.","implications. - the q1 gdp tracking estimate was cut 0.1pp to +1.9% ( annualized) and q1 domestic final sales 0.1pp to +2.1% — a marginal mechanical adjustment, not a change in the growth outlook.",,,
sellside-225e10f6-5e6f-4c1c-a759-0c9482589df4__line_0004,sellside-225e10f6-5e6f-4c1c-a759-0c9482589df4,4,75,USA: Housing Starts and Industrial Production Well Above Expectations in December; Boosting Q4 GDP Tracking Estimate to +2.6%,us_macro_economy,generic/qualitative-research,"- **Industrial production rose +0.9% in December** versus +0.3% expected, with November revised up to +0.2%; aircraft and parts added 0.2pp following the resolution of the Boeing strike in early November.","- **industrial production rose +0.9% in december** versus +0.3% expected, with november revised up to +0.2%; aircraft and parts added 0.2pp following the resolution of the boeing strike in early november.",,,
sellside-adc7f810-4818-489c-991c-d0cde410e75a__line_0009,sellside-adc7f810-4818-489c-991c-d0cde410e75a,9,76,FX in Focus: Linking FX Performance and Flows (Rosenberg/Kanter),us_macro_economy,generic/qualitative-research,- [REDACTED] expects lower hedging costs in places like Japan to shift the composition of the Dollar's decline toward currencies that have so far lagged in the reallocation away from US assets.,- expects lower hedging costs in places like japan to shift the composition of the dollar's decline toward currencies that have so far lagged in the reallocation away from us assets.,,,
sellside-4353d979-9aed-4d56-8714-40f3d3071082__line_0001,sellside-4353d979-9aed-4d56-8714-40f3d3071082,1,76,FX in Focus: The Dollar’s Appeal as a US Equities Hedge Remains Diminished,us_macro_economy,generic/qualitative-research,"Definitive impacts. - The 1-month rolling Dollar–VIX correlation has fallen to slightly negative for EUR after the past two trading sessions, versus the more strongly negative readings flagged in prior work.","definitive impacts. - the 1-month rolling dollar–vix correlation has fallen to slightly negative for eur after the past two trading sessions, versus the more strongly negative readings flagged in prior work.",,,
sellside-9e655dce-8aa1-4de5-94ec-a62605f15f98__line_0017,sellside-9e655dce-8aa1-4de5-94ec-a62605f15f98,17,76,FX in Focus: Loss of US Exceptionalism Strengthens Case for FX-Hedging US Equities (Fishman/Kanter),us_macro_economy,generic/qualitative-research,"**[REDACTED]'s caution regarding the standard recommendation for Americans stems from this: rather than raising the hedge on foreign equities in a recession scenario, the bank prefers to buy defensive currencies — JPY, CHF, EUR — directly as protection.** The reasoning is that the combination of broader tariffs and an economy near recession could lead the market to price US stagflation whenever growth loses steam, especially if the Fed appears hesitant to cut rates — which would weigh more heavily on the dollar, particularly against the yen. Outside the US, the growth hit from tariffs may not be large enough to offset recent optimism about returns abroad.","** 's caution regarding the standard recommendation for americans stems from this: rather than raising the hedge on foreign equities in a recession scenario, the bank prefers to buy defensive currencies — jpy, chf, eur — directly as protection.** the reasoning is that the combination of broader tariffs and an economy near recession could lead the market to price us stagflation whenever growth loses steam, especially if the fed appears hesitant to cut rates — which would weigh more heavily on the dollar, particularly against the yen. outside the us, the growth hit from tariffs may not be large enough to offset recent optimism about returns abroad.",,,
sellside-e05ba2da-e5a8-4af8-9bb4-4845e8c03901__line_0015,sellside-e05ba2da-e5a8-4af8-9bb4-4845e8c03901,15,77,US Week Ahead: March 24 - March 30,us_macro_economy,generic/release-expectations,"- **57.9** UMich consumer sentiment, unchanged (consensus 57.9); 5-10yr inflation expectations **3.8%**, down from 3.9%.","- **57.9** umich consumer sentiment, unchanged (consensus 57.9); 5-10yr inflation expectations **3.8%**, down from 3.9%.",,,
sellside-8687575a-e4cb-498a-8012-5d8d6e16f38b__line_0019,sellside-8687575a-e4cb-498a-8012-5d8d6e16f38b,19,77,US Week Ahead: February 3 – February 9,us_macro_economy,generic/release-expectations,"- **71.1** UMich consumer sentiment, February preliminary (consensus 72.0, last 71.1); **3.2%** UMich 5-10yr inflation expectations (consensus 3.1%, last 3.2%).","- **71.1** umich consumer sentiment, february preliminary (consensus 72.0, last 71.1); **3.2%** umich 5-10yr inflation expectations (consensus 3.1%, last 3.2%).",,,
sellside-f5e874b1-6430-4107-8bac-08376c15637f__line_0005,sellside-f5e874b1-6430-4107-8bac-08376c15637f,5,77,US Week Ahead: July 13 - July 19,us_macro_economy,generic/context-analysis,- Consumer sentiment (UMich) last at 49.5 and long-run inflation expectations anchored at 3.3%.,- consumer sentiment (umich) last at 49.5 and long-run inflation expectations anchored at 3.3%.,,,
sellside-c17ea081-2707-4d6b-8d3a-48dcfd345832__line_0005,sellside-c17ea081-2707-4d6b-8d3a-48dcfd345832,5,78,US Economics Analyst: What Is the Best Way to Measure Inflation?,us_macro_economy,inflation/quantitative-research,"- No single measure dominates — different gauges are optimal in different circumstances, and averaging measures forecasts future inflation better than any one, a lesson echoed by foreign central banks and recent research.","- no single measure dominates — different gauges are optimal in different circumstances, and averaging measures forecasts future inflation better than any one, a lesson echoed by foreign central banks and recent research.",,,
sellside-e32afda3-4de3-4971-bab9-96bf36e35c18__line_0009,sellside-e32afda3-4de3-4971-bab9-96bf36e35c18,9,78,US Economics Analyst: The Framework Review: Room for Innovation on Fed Communication (Abecasis / Mericle),us_macro_economy,monetary-policy/qualitative-research,"- [REDACTED] cautions that publishing scenarios may prove less effective if the Fed avoids politically sensitive or very negative outcomes, and doubts the full package arrives in this review — framing it as workable for the future rather than imminent.","- cautions that publishing scenarios may prove less effective if the fed avoids politically sensitive or very negative outcomes, and doubts the full package arrives in this review — framing it as workable for the future rather than imminent.",,,
sellside-f4814a6c-788f-4a99-8fd8-3bebe3b8ad03__line_0006,sellside-f4814a6c-788f-4a99-8fd8-3bebe3b8ad03,6,78,US Economics Analyst: The Fed Task Forces,us_macro_economy,monetary-policy/qualitative-research,"- Five task forces and their named leaders have been announced, covering communications, the balance sheet, data, AI/productivity, and inflation frameworks.","- five task forces and their named leaders have been announced, covering communications, the balance sheet, data, ai/productivity, and inflation frameworks.",,,
sellside-5b9af371-8f31-41bc-90e6-ef217197329d__line_0001,sellside-5b9af371-8f31-41bc-90e6-ef217197329d,1,79,USA: Fed Chair Nominee Warsh Says He Is Not Pre-Committed to Any Policy Decision and Calls for a New Inflation Framework,us_macro_economy,monetary-policy/post-release-comment,"Context. Note on Kevin Warsh's Senate Banking Committee confirmation hearing as Fed Chair nominee, covering what his remarks signal about future policy conduct, the inflation framework, the balance sheet, and the near-term politics of the confirmation.","context. note on kevin warsh's senate banking committee confirmation hearing as fed chair nominee, covering what his remarks signal about future policy conduct, the inflation framework, the balance sheet, and the near-term politics of the confirmation.",,,
sellside-2f99b00e-ad73-4f0d-b39a-16ed104c81a9__line_0005,sellside-2f99b00e-ad73-4f0d-b39a-16ed104c81a9,5,79,USA: President Trump Nominates Kevin Warsh for Fed Chair,us_macro_economy,monetary-policy/qualitative-research,"At issue. On the morning of 30 January 2026, Trump announced he will nominate Kevin Warsh to chair the Federal Reserve, succeeding Powell, whose term as Chair ends in May 2026. Warsh was a Fed governor between 2006 and 2011 and is currently a partner at Duquesne Family Office, a Visiting Fellow at the Hoover Institution, and a lecturer at the Stanford Graduate School of Business. The same day, Senator Tillis reiterated that he will oppose confirmation of any Fed nominee, including the chairmanship, until the DOJ investigation into Powell is concluded.","at issue. on the morning of 30 january 2026, trump announced he will nominate kevin warsh to chair the federal reserve, succeeding powell, whose term as chair ends in may 2026. warsh was a fed governor between 2006 and 2011 and is currently a partner at duquesne family office, a visiting fellow at the hoover institution, and a lecturer at the stanford graduate school of business. the same day, senator tillis reiterated that he will oppose confirmation of any fed nominee, including the chairmanship, until the doj investigation into powell is concluded.",,,
sellside-1a1c0a55-e9db-432b-b264-09253389aa08__line_0006,sellside-1a1c0a55-e9db-432b-b264-09253389aa08,6,79,"US Daily: Kevin Warsh on Interest Rate Policy, Balance Sheet Policy, and Financial Regulation",us_macro_economy,monetary-policy/qualitative-research,- [REDACTED] reads Warsh's benign inflation view — driven by expected disinflation from deregulation and AI-led productivity — as positioning him on the dovish side of the FOMC's rate debate.,- reads warsh's benign inflation view — driven by expected disinflation from deregulation and ai-led productivity — as positioning him on the dovish side of the fomc's rate debate.,,,
sellside-5b3e76fd-bead-4139-8344-3496bac965c3__line_0003,sellside-5b3e76fd-bead-4139-8344-3496bac965c3,3,80,US Economics Analyst: AI and (Measured) Inflation: Up Then Down,us_macro_economy,inflation/qualitative-research,"- The business-investment software deflator — which excludes accessories and is quality-adjusted — has fallen almost 4% over the last year, diverging sharply from the rising PCE consumer analogue.","- the business-investment software deflator — which excludes accessories and is quality-adjusted — has fallen almost 4% over the last year, diverging sharply from the rising pce consumer analogue.",,,
sellside-5ff3f24b-2d52-4978-b063-02dc1d391af2__line_0010,sellside-5ff3f24b-2d52-4978-b063-02dc1d391af2,10,80,US Economics Analyst: Mid-Year Inflation Outlook: Oil and AI vs. Wages and Rent,us_macro_economy,inflation/context-analysis,"- Slowing wage growth is pushing nonhousing services inflation down (excluding airfares and portfolio management), with wage-sensitive PCE services expected to follow over coming months.","- slowing wage growth is pushing nonhousing services inflation down (excluding airfares and portfolio management), with wage-sensitive pce services expected to follow over coming months.",,,
sellside-c1ed8bc0-c3fa-4c31-bce0-d80d89ce49e5__line_0010,sellside-c1ed8bc0-c3fa-4c31-bce0-d80d89ce49e5,10,80,"Global Views: Bending, Not Breaking",us_macro_economy,generic/context-analysis,- Two AI-linked distortions lift near-term core PCE by ~0.4pp: mis-measured software bundling (e.g. MS Office AI features counted as pure price rises) and the 30x-heavier software/accessories weight in PCE versus CPI amid costlier memory; another 0.3pp comes from energy pass-through.,- two ai-linked distortions lift near-term core pce by ~0.4pp: mis-measured software bundling (e.g. ms office ai features counted as pure price rises) and the 30x-heavier software/accessories weight in pce versus cpi amid costlier memory; another 0.3pp comes from energy pass-through.,,,
sellside-5c21a95a-29dc-4680-80a0-c5cae05a290b__line_0016,sellside-5c21a95a-29dc-4680-80a0-c5cae05a290b,16,81,US Economics Analyst: A Q&A on Our Economic Forecasts Amid the Evolving War with Iran,us_macro_economy,inflation/qualitative-research,"Backdrop. Coming into 2026, [REDACTED] expected above-potential US growth as the 2025 tariff drag gave way to a tax-cut boost from the 2025 fiscal bill. The drag from higher oil prices is now expected to roughly offset that fiscal boost. Oil shocks are analyzed through three channels — a hit to consumer spending via lower real disposable income, tighter financial conditions, and a potential boost to domestic shale investment — with the Fed's likely response shaped by whether a shock threatens sustained, rather than one-off, inflation. The comparison point throughout is 2022, when a historically tight labor market and broad supply-chain disruption turned a commodity spike into persistent inflation.","backdrop. coming into 2026, expected above-potential us growth as the 2025 tariff drag gave way to a tax-cut boost from the 2025 fiscal bill. the drag from higher oil prices is now expected to roughly offset that fiscal boost. oil shocks are analyzed through three channels — a hit to consumer spending via lower real disposable income, tighter financial conditions, and a potential boost to domestic shale investment — with the fed's likely response shaped by whether a shock threatens sustained, rather than one-off, inflation. the comparison point throughout is 2022, when a historically tight labor market and broad supply-chain disruption turned a commodity spike into persistent inflation.",,,
sellside-e546b950-18a7-41e2-a65c-39e3898e9380__line_0002,sellside-e546b950-18a7-41e2-a65c-39e3898e9380,2,81,US Economics Analyst: The Risks to US Inflation from the War with Iran,us_macro_economy,inflation/qualitative-research,"- **December 2026 headline PCE forecast raised 0.2pp, to 3.1%** — about 1pp above the pre-war level; would rise to 3.6% (peak 4.6% this spring) in the adverse scenario and 4.0% (peak 4.9%) in the severely adverse scenario.","- **december 2026 headline pce forecast raised 0.2pp, to 3.1%** — about 1pp above the pre-war level; would rise to 3.6% (peak 4.6% this spring) in the adverse scenario and 4.0% (peak 4.9%) in the severely adverse scenario.",,,
sellside-b6750b48-eb11-4334-9696-b5eafd2df99e__line_0020,sellside-b6750b48-eb11-4334-9696-b5eafd2df99e,20,81,US Economics Analyst: Tracking Inflation Risks from the Middle East Conflict,us_macro_economy,inflation/qualitative-research,"The expectations question is handled by leaning on which gauges to trust. **[REDACTED] resolves the mixed signals by privileging subdued market-based compensation over hotter consumer surveys it considers increasingly politicized, and notes Fed officials appear to be doing the same.** Its composite persistent-risk indicator reinforces the conclusion that the shock was too small and too short to seed contagion.","the expectations question is handled by leaning on which gauges to trust. ** resolves the mixed signals by privileging subdued market-based compensation over hotter consumer surveys it considers increasingly politicized, and notes fed officials appear to be doing the same.** its composite persistent-risk indicator reinforces the conclusion that the shock was too small and too short to seed contagion.",,,
sellside-bd3cb152-b279-4f46-9aeb-5425bf5855e2__line_0004,sellside-bd3cb152-b279-4f46-9aeb-5425bf5855e2,4,82,US Week Ahead: July 14 - July 20,us_macro_economy,inflation/release-expectations,"- **+0.25% m/m core PCE** for June, implied by the CPI forecast (to be updated post-release).","- **+0.25% core pce** for june, implied by the cpi forecast (to be updated post-release).",,,
sellside-cc021c4c-f377-40dd-a1db-95f637bec798__line_0010,sellside-cc021c4c-f377-40dd-a1db-95f637bec798,10,82,US Week Ahead: June 9 – June 15,us_macro_economy,inflation/release-expectations,"- **+0.3% m/m ex-food, energy & trade**, vs. -0.1% last; consensus +0.3%.","- **+0.3% ex-food, energy & trade**, vs. -0.1% last; consensus +0.3%.",,,
sellside-25e8b599-71c4-4141-be31-caa55237240c__line_0005,sellside-25e8b599-71c4-4141-be31-caa55237240c,5,82,Global Week Ahead: October 20–26,us_macro_economy,generic/context-analysis,"- US inflation cooling: [REDACTED] looks for headline CPI of 0.33% mom (consensus 0.4%) and 3.02% yoy (consensus 3.1%, prior 2.9%) — below consensus on both.","- us inflation cooling: looks for headline cpi of 0.33% mom (consensus 0.4%) and 3.02% yoy (consensus 3.1%, prior 2.9%) — below consensus on both.",,,
sellside-8bb71add-8a5b-4689-b12a-5079ccb1d804__line_0020,sellside-8bb71add-8a5b-4689-b12a-5079ccb1d804,20,83,US Economics Analyst: The Outlook for Productivity and Potential GDP Growth: Tech Leads the Way (Abecasis),us_macro_economy,generic/qualitative-research,"Looking forward, the mechanism is expected to run in the familiar 1990s sequence: capital per worker rises first — helped by AI investment and a temporary bump in frictional unemployment as adoption displaces some workers — and TFP gains arrive later. **Netting AI's lift against a modest ~0.1pp drag from tariffs and related policy, potential GDP is projected around 2.1% now and 2.3% in the early 2030s, with the risks genuinely two-sided rather than skewed.** The note offers no trade idea; it is a macro framework piece.","looking forward, the mechanism is expected to run in the familiar 1990s sequence: capital per worker rises first — helped by ai investment and a temporary bump in frictional unemployment as adoption displaces some workers — and tfp gains arrive later. **netting ai's lift against a modest ~0.1pp drag from tariffs and related policy, potential gdp is projected around 2.1% now and 2.3% in the early 2030s, with the risks genuinely two-sided rather than skewed.** the note offers no trade idea; it is a macro framework piece.",,,
sellside-0db7eb24-e3a7-4a6b-bf11-be429941ff96__line_0001,sellside-0db7eb24-e3a7-4a6b-bf11-be429941ff96,1,83,US Economics Analyst: From Innovation to Productivity Boom: Lessons from the ICT Revolution for the AI Era,us_macro_economy,generic/qualitative-research,"Definitive impacts. - In the IT episode, productivity only accelerated about 15 years after the commercialization of the personal computer in the early 1980s, even though IT investment was already rising sharply in that decade.","definitive impacts. - in the it episode, productivity only accelerated about 15 years after the commercialization of the personal computer in the early 1980s, even though it investment was already rising sharply in that decade.",,,
sellside-13abb47c-2488-41b5-a754-75dfe5c2a600__line_0013,sellside-13abb47c-2488-41b5-a754-75dfe5c2a600,13,83,US Economics Analyst: From IT to AI: What Explains US Productivity Outperformance?,us_macro_economy,generic/context-analysis,"Unpacked. Labor productivity is decomposed into capital deepening, labor quality and TFP. The capital-deepening half of the US-Euro gap is well understood — it reflects higher US investment rates. The TFP half is the puzzle the note sets out to explain, and it does so by first shrinking the puzzle, then attributing what remains.","unpacked. labor productivity is decomposed into capital deepening, labor quality and tfp. the capital-deepening half of the us-euro gap is well understood — it reflects higher us investment rates. the tfp half is the puzzle the note sets out to explain, and it does so by first shrinking the puzzle, then attributing what remains.",,,
sellside-68500c70-21df-45d0-8f2e-4893496668d0__line_0021,sellside-68500c70-21df-45d0-8f2e-4893496668d0,21,84,Global FX Trader: Summer Fever,us_macro_economy,generic/context-analysis,"Sterling is ""relax now, relapse later."" The medium-term case remains negative on stretched valuation and a BoE terminal rate below market pricing, but firmer inflation and a slightly stronger labour report netted out GBP-positive this week. **The read-through is muted by tension between UK-favourable rate differentials and the currency-negative drag of a worsening fiscal position on long-end Gilts.** The plan is to wait for the fiscal premium to fade over a quieter summer before targeting Sterling downside on European crosses at better levels; Cable downside is seen as less attractive.","sterling is ""relax now, relapse later."" the medium-term case remains negative on stretched valuation and a boe terminal rate below market pricing, but firmer inflation and a slightly stronger labour report netted out gbp-positive this week. **the read-through is muted by tension between uk-favourable rate differentials and the currency-negative drag of a worsening fiscal position on long-end gilts.** the plan is to wait for the fiscal premium to fade over a quieter summer before targeting sterling downside on european crosses at better levels; cable downside is seen as less attractive.",,,
sellside-2d6dae05-9b27-4748-9615-425e050b8566__line_0019,sellside-2d6dae05-9b27-4748-9615-425e050b8566,19,84,Global FX Trader: Conversations in the Dark,us_macro_economy,generic/context-analysis,"- **GBP upside risks:** a Q4 BoE cut (base case is on-hold to February) would partly unwind the rate-differential moves that pushed Sterling lower; the November Autumn budget is a focus, though its option premium suggests outcomes are already partly priced.","- **gbp upside risks:** a q4 boe cut (base case is on-hold to february) would partly unwind the rate-differential moves that pushed sterling lower; the november autumn budget is a focus, though its option premium suggests outcomes are already partly priced.",,,
sellside-8cc2f4d9-5b33-4287-b716-ad20cbee0b30__line_0002,sellside-8cc2f4d9-5b33-4287-b716-ad20cbee0b30,2,84,Global FX Trader: More Bang for the Buck,us_macro_economy,generic/context-analysis,"- Sterling was the clear G10 underperformer this week, with UK gilts bear-steepening alongside the currency sell-off — a signature of acute UK fiscal risk premium.","- sterling was the clear g10 underperformer this week, with uk gilts bear-steepening alongside the currency sell-off — a signature of acute uk fiscal risk premium.",,,
sellside-2853015a-b153-4012-b354-5eae6d8a9010__line_0003,sellside-2853015a-b153-4012-b354-5eae6d8a9010,3,85,Global Markets Daily: Trading Terms of Trade in FX with Risk-Neutral Expressions,us_macro_economy,generic/qualitative-research,- The regression of six-week spot returns against [REDACTED] changes shows a weaker fit in the current shock than in the same window of the 2022 energy shock.,- the regression of six-week spot returns against changes shows a weaker fit in the current shock than in the same window of the 2022 energy shock.,,,
sellside-9292b750-96a1-4bc3-88be-0dc3e04f6323__line_0001,sellside-9292b750-96a1-4bc3-88be-0dc3e04f6323,1,85,Global Markets Daily: The FX-Rates Relationship in an Energy Shock,us_macro_economy,generic/qualitative-research,"Definitive impacts. - Rate differentials now explain a smaller share of EUR/USD moves than usual over the past two months, with energy and equity prices accounting for more of the variation (Exhibit 1).","definitive impacts. - rate differentials now explain a smaller share of eur/usd moves than usual over the past two months, with energy and equity prices accounting for more of the variation (exhibit 1).",,,
sellside-060ec304-b861-4e3a-9ce0-64cf8233c1ff__line_0006,sellside-060ec304-b861-4e3a-9ce0-64cf8233c1ff,6,85,Global Markets Daily: Trading Terms of Trade Shocks in the Smaller G10 Rates Markets,us_macro_economy,monetary-policy/quantitative-research,"- Trade implications by market: BoC on hold with a steeper CAD 2s10s; RBA hawkish risk underpriced, favoring AUD flatteners; NZD steepening bias vs AUD on risk premia; NOK 2s10s steeper as forwards reset higher; SEK normalization pricing screens fair.","- trade implications by market: boc on hold with a steeper cad 2s10s; rba hawkish risk underpriced, favoring aud flatteners; nzd steepening bias vs aud on risk premia; nok 2s10s steeper as forwards reset higher; sek normalization pricing screens fair.",,,
sellside-18a889d5-e177-4a2b-9c06-601b1dbacbf1__line_0016,sellside-18a889d5-e177-4a2b-9c06-601b1dbacbf1,16,86,Global Markets Analyst: Japan's Equilibrium Rate Check — A Framework for JGBs and JPY,us_macro_economy,monetary-policy/context-analysis,"The assessment of policy options starts from the ability to contain not just market volatility but also inflation risk. The standard response to reduce upside inflation risk would be to raise rates enough to tighten financial conditions, or to tighten fiscal policy — both of which reduce growth expectations. **Isolated intervention, in the Yen or in JGBs, reduces volatility in the directly affected asset, but, absent other changes, risks transmitting volatility to other assets or having only a temporary effect.** Bilateral intervention would be more potent and credible, but would require additional policy commitments from Japan.","the assessment of policy options starts from the ability to contain not just market volatility but also inflation risk. the standard response to reduce upside inflation risk would be to raise rates enough to tighten financial conditions, or to tighten fiscal policy — both of which reduce growth expectations. **isolated intervention, in the yen or in jgbs, reduces volatility in the directly affected asset, but, absent other changes, risks transmitting volatility to other assets or having only a temporary effect.** bilateral intervention would be more potent and credible, but would require additional policy commitments from japan.",,,
sellside-39239bb2-ea03-4d34-bb80-ddf1bfcc5710__line_0011,sellside-39239bb2-ea03-4d34-bb80-ddf1bfcc5710,11,86,Global Markets Analyst: The Deal with Currencies: Cross-Border M&A and FX Markets (Jenkins/Trivedi),us_macro_economy,generic/quantitative-research,"The central result is a modest but genuine directional beta once the analysis controls for which currencies are being measured. **The target currency appreciates against the acquirer's at about 2.8bp per $1bn, peaking within a week and gone within three.** The intervention cross-check is instructive: MoF USD/JPY interventions move the pair about 4.2bp per $1bn — more than twice the M&A beta — which the note attributes to interventions coinciding with overstretched positioning, carrying a forward-looking policy signal, and having a known transaction date, none of which cleanly apply to deals whose FX leg may occur before, after, or never as a single spot trade.","the central result is a modest but genuine directional beta once the analysis controls for which currencies are being measured. **the target currency appreciates against the acquirer's at about 2.8bp per $1bn, peaking within a week and gone within three.** the intervention cross-check is instructive: mof usd/jpy interventions move the pair about 4.2bp per $1bn — more than twice the m&a beta — which the note attributes to interventions coinciding with overstretched positioning, carrying a forward-looking policy signal, and having a known transaction date, none of which cleanly apply to deals whose fx leg may occur before, after, or never as a single spot trade.",,,
sellside-b96c5f5d-7388-406c-bac7-72bfaf4b7883__line_0008,sellside-b96c5f5d-7388-406c-bac7-72bfaf4b7883,8,86,Global Markets Analyst: FX Positioning – Follow the Fast Money,us_macro_economy,generic/quantitative-research,"Method & verdict. [Reasonable] The analysis builds daily-rebalanced, ranked trading rules (18 Dollar pairs, samples from 2011/2014 to present, inclusive of carry, excluding transaction costs) across three positioning proxies: DTCC options volumes relative to historical mean, beta-adjusted 1-month risk reversals, and CFTC Commitments of Traders data. The risk-reversal adjustment strips out structural risk-hedging premium by regressing observed risk reversals on each pair's beta to the S&P 500. Robustness is tested across vol regimes, spot-vs-total returns, and against a momentum proxy. The approach extends published academic work (Czech et al) and is internally consistent, but pair-specific results are statistically significant in only a handful of cases, explanatory power is acknowledged as low, and the volumes signal depends on a structural-Dollar-demand assumption that holds only part of the time.","method & verdict. [reasonable] the analysis builds daily-rebalanced, ranked trading rules (18 dollar pairs, samples from 2011/2014 to present, inclusive of carry, excluding transaction costs) across three positioning proxies: dtcc options volumes relative to historical mean, beta-adjusted 1-month risk reversals, and cftc commitments of traders data. the risk-reversal adjustment strips out structural risk-hedging premium by regressing observed risk reversals on each pair's beta to the s&p 500. robustness is tested across vol regimes, spot-vs-total returns, and against a momentum proxy. the approach extends published academic work (czech et al) and is internally consistent, but pair-specific results are statistically significant in only a handful of cases, explanatory power is acknowledged as low, and the volumes signal depends on a structural-dollar-demand assumption that holds only part of the time.",,,
sellside-15a0d872-7543-4d1e-8074-cc3b7cd0b9cf__line_0008,sellside-15a0d872-7543-4d1e-8074-cc3b7cd0b9cf,8,87,Global Markets Analyst: The Rising Tide of Government Interest Costs (Cole),us_macro_economy,generic/quantitative-research,"Method & verdict. [Reasonable] The note builds a projection model for sovereign interest costs from three inputs — current forward rate curves, official deficit paths, and each country's debt term structure and existing WAM — then runs two stylized ceteris paribus scenarios (a two-year WAM reduction, and front-end cuts of 100bp at 2y / 50bp at 5y with 10–30y held constant) to isolate policy levers. It is grounded in observable market and IMF/OECD data across the G10 and is transparent about its assumptions, but the scenario results depend on holding macro variables fixed — an acknowledged simplification, since the conditions that lower rates (e.g. weaker growth) would often also widen deficits — and lean on official deficit forecasts the note itself flags as prone to slippage.","method & verdict. [reasonable] the note builds a projection model for sovereign interest costs from three inputs — current forward rate curves, official deficit paths, and each country's debt term structure and existing wam — then runs two stylized ceteris paribus scenarios (a two-year wam reduction, and front-end cuts of 100bp at 2y / 50bp at 5y with 10–30y held constant) to isolate policy levers. it is grounded in observable market and imf/oecd data across the g10 and is transparent about its assumptions, but the scenario results depend on holding macro variables fixed — an acknowledged simplification, since the conditions that lower rates (e.g. weaker growth) would often also widen deficits — and lean on official deficit forecasts the note itself flags as prone to slippage.",,,
sellside-0bfa74b6-dbad-4f71-a6f5-39c30222648a__line_0012,sellside-0bfa74b6-dbad-4f71-a6f5-39c30222648a,12,87,Global Markets Analyst: G10 Rates in 2035,us_macro_economy,generic/qualitative-research,- [REDACTED] views the German fiscal surge as temporary: Bund yields pushed above 3% near-term but normalizing to a ~2.75% mid-range by 2035 as fiscal policy reverts toward balance.,- views the german fiscal surge as temporary: bund yields pushed above 3% near-term but normalizing to a ~2.75% mid-range by 2035 as fiscal policy reverts toward balance.,,,
sellside-30dc188a-3f28-4079-bdfb-bf7849bb5c6f__line_0001,sellside-30dc188a-3f28-4079-bdfb-bf7849bb5c6f,1,87,Global Markets Analyst: The Long Shadow Of The 2022 Gilt Crisis,us_macro_economy,generic/qualitative-research,"Definitive impacts. - UK term premium has risen in both absolute and relative terms, with 10y risk premia at the long end elevated and sustained since the October 2022 relief rally.","definitive impacts. - uk term premium has risen in both absolute and relative terms, with 10y risk premia at the long end elevated and sustained since the october 2022 relief rally.",,,
sellside-041fe4f2-293c-44ab-999b-0c5921c067f2__line_0016,sellside-041fe4f2-293c-44ab-999b-0c5921c067f2,16,88,US Economics Analyst: December FOMC Preview: Raising the Bar for Further Cuts,us_macro_economy,monetary-policy/release-expectations,The note offers no explicit trade idea beyond the rate-path view.,the note offers no explicit trade idea beyond the rate-path view.,,,
sellside-8f58e05b-25d2-4fe0-b3bf-1249644fd618__line_0001,sellside-8f58e05b-25d2-4fe0-b3bf-1249644fd618,1,88,US Economics Analyst: March FOMC Preview: On the Sidelines (Mericle),us_macro_economy,monetary-policy/release-expectations,"Estimates. - **Two cuts held for 2025** in the median dot, implying a path of **3.875% / 3.375% / 3.125%** across 2025 / 2026 / 2027 — unchanged from December, but with higher mean projections each year, especially 2025.","estimates. - **two cuts held for 2025** in the median dot, implying a path of **3.875% / 3.375% / 3.125%** across 2025 / 2026 / 2027 — unchanged from december, but with higher mean projections each year, especially 2025.",,,
sellside-dc85ef77-f350-46c7-8f65-6f9f55496e20__line_0015,sellside-dc85ef77-f350-46c7-8f65-6f9f55496e20,15,88,US Economics Analyst: June FOMC Preview: A Cautious Take on Tariffs (Mericle),us_macro_economy,monetary-policy/release-expectations,"- **12-month recession probability trimmed to 30%**; after weighting downside risks, [REDACTED]'s probability-weighted funds-rate path is essentially in line with market pricing.","- **12-month recession probability trimmed to 30%**; after weighting downside risks, 's probability-weighted funds-rate path is essentially in line with market pricing.",,,
sellside-6b00b23d-c146-4292-96b8-14c372d19cca__line_0010,sellside-6b00b23d-c146-4292-96b8-14c372d19cca,10,89,Global Markets Daily: Energy Upside Tilts Yield Risks to the Downside,us_macro_economy,monetary-policy/qualitative-research,"- For the US, [REDACTED] nudged the near-term 2y forecast up on the later cut but sees lower yields across the curve by year-end, citing softer growth, a weaker labor market, higher recession odds and resumed disinflation; it expects the UST curve to re-steepen versus forwards.","- for the us, nudged the near-term 2y forecast up on the later cut but sees lower yields across the curve by year-end, citing softer growth, a weaker labor market, higher recession odds and resumed disinflation; it expects the ust curve to re-steepen versus forwards.",,,
sellside-8033aab1-517a-4226-b7a9-bbcf27975465__line_0001,sellside-8033aab1-517a-4226-b7a9-bbcf27975465,1,89,Global Markets Daily: TIPS During Oil Shocks,us_macro_economy,inflation/quantitative-research,"Key findings. - TIPS historically outperform nominals from the start of a supply-driven oil shock to the peak in oil prices, as nominals build inflation risk premia — consistent across the 1970s, 1990 and 2022 episodes.","key findings. - tips historically outperform nominals from the start of a supply-driven oil shock to the peak in oil prices, as nominals build inflation risk premia — consistent across the 1970s, 1990 and 2022 episodes.",,,
sellside-02c5d924-21b0-4699-8e64-2363dc618092__line_0015,sellside-02c5d924-21b0-4699-8e64-2363dc618092,15,89,Global Markets Daily: Rates Take Stock of an Oil Supply Shock,us_macro_economy,inflation/qualitative-research,"The note benchmarks today against prior US oil spikes — the 1970s, the 1990 invasion of Kuwait, and 2022. The Fed hiked in or after three of the four (cutting first in 1973 before hiking hard); in 1990 it eventually cut once oil peaked, as the labor market weakened and the economy fell into recession.","the note benchmarks today against prior us oil spikes — the 1970s, the 1990 invasion of kuwait, and 2022. the fed hiked in or after three of the four (cutting first in 1973 before hiking hard); in 1990 it eventually cut once oil peaked, as the labor market weakened and the economy fell into recession.",,,
sellside-a1e6465c-2e71-443b-94ad-4a474a73c19c__line_0004,sellside-a1e6465c-2e71-443b-94ad-4a474a73c19c,4,90,USA: Philly Fed Well Below Expectations,us_macro_economy,generic/post-release-comment,"- **Expectations improved even as current activity fell.** The six-months-ahead business conditions index rose 4.7pt to +36.2, indicating firms remain optimistic about the outlook despite the weak present-month reading.","- **expectations improved even as current activity fell.** the six-months-ahead business conditions index rose 4.7pt to +36.2, indicating firms remain optimistic about the outlook despite the weak present-month reading.",,,
sellside-4e6b7a7e-8c15-4cf1-b758-d0263bde4d57__line_0011,sellside-4e6b7a7e-8c15-4cf1-b758-d0263bde4d57,11,90,USA: Initial Jobless Claims Somewhat Below Expectations; Philly Fed Well Above Expectations; Industrial Production Below Expectations,us_macro_economy,generic/qualitative-research,"Unpacked. The releases pull in different directions, which is why the growth read barely moves. **Claims remain low, consistent with a labor market that is not shedding workers, even as continuing claims tick up.** State-level moves were small and offsetting — increases in Virginia and California against declines in Oregon and New Jersey.","unpacked. the releases pull in different directions, which is why the growth read barely moves. **claims remain low, consistent with a labor market that is not shedding workers, even as continuing claims tick up.** state-level moves were small and offsetting — increases in virginia and california against declines in oregon and new jersey.",,,
sellside-2a8d2922-b45e-411c-aaf3-661fb39c43f1__line_0003,sellside-2a8d2922-b45e-411c-aaf3-661fb39c43f1,3,90,USA: Philly Fed Somewhat Below Expectations,us_macro_economy,generic/post-release-comment,"- **The composition was mixed to weak, with opposing signals across components.** Employment plunged to -9.8, the lowest level since June 2020, and new orders fell back (-5.2pt, to +2.3); in contrast, shipments rose (+21.3pt, to +8.3). Price measures eased — prices paid fell to +41.4 and prices received to +29.5.","- **the composition was mixed to weak, with opposing signals across components.** employment plunged to -9.8, the lowest level since june 2020, and new orders fell back (-5.2pt, to +2.3); in contrast, shipments rose (+21.3pt, to +8.3). price measures eased — prices paid fell to +41.4 and prices received to +29.5.",,,
sellside-57e44227-6cfb-46e7-b90f-660a89df6563__line_0005,sellside-57e44227-6cfb-46e7-b90f-660a89df6563,5,91,USA: Initial Jobless Claims Somewhat Below Expectations,us_macro_economy,generic/post-release-comment,"- The slight increase in continuing claims, from a revised base, does not change the picture — it remains consistent with a still-firm labor market.","- the slight increase in continuing claims, from a revised base, does not change the picture — it remains consistent with a still-firm labor market.",,,
sellside-52d6a296-5b84-491c-9338-4031b5962880__line_0004,sellside-52d6a296-5b84-491c-9338-4031b5962880,4,91,"USA: Initial Jobless Claims Remain Low, in Line With Expectations",us_macro_economy,generic/post-release-comment,"- **The low continuing-claims level points to a low-hire, low-fire dynamic.** Because initial claims are not translating into continuing claims more than usual, workers who do file are not lingering on benefits at an elevated rate. The characterization is a labor market with subdued churn on both sides rather than one weakening.","- **the low continuing-claims level points to a low-hire, low-fire dynamic.** because initial claims are not translating into continuing claims more than usual, workers who do file are not lingering on benefits at an elevated rate. the characterization is a labor market with subdued churn on both sides rather than one weakening.",,,
sellside-46f34089-8d6d-412a-85e9-cefa84e99314__line_0002,sellside-46f34089-8d6d-412a-85e9-cefa84e99314,2,91,USA: Preliminary Data Suggest Initial Claims Increased,us_macro_economy,generic/qualitative-research,"- Seasonally adjusted continuing claims estimated at 1,935k for the week ended October 11, up from a prior revised 1,920k, with a 1,907k–1,946k range.","- seasonally adjusted continuing claims estimated at 1,935k for the week ended october 11, up from a prior revised 1,920k, with a 1,907k–1,946k range.",,,
sellside-5436c534-fe0e-46cb-b2ee-e1f30b5f7ebc__line_0012,sellside-5436c534-fe0e-46cb-b2ee-e1f30b5f7ebc,12,92,Global Views: Looking Beyond December,us_macro_economy,monetary-policy/context-analysis,"- **Upside to the funds-rate path (limited, per the analyst):** Would require large second-round tariff effects (no signs) or an equity-driven jump in imputed prices.","- **upside to the funds-rate path (limited, per the analyst):** would require large second-round tariff effects (no signs) or an equity-driven jump in imputed prices.",,,
sellside-675d650b-12db-4411-b3db-017cc22c4064__line_0016,sellside-675d650b-12db-4411-b3db-017cc22c4064,16,92,Global Market Views: Double Trouble for US Exceptionalism,us_macro_economy,generic/context-analysis,"Unpacked. The month's two shifts work together. A sharp downgrade of US growth expectations in equities, rates and the Dollar has coincided with a re-rating higher of the fiscal impulse in Germany and, more modestly, China. **Together they challenge the US exceptionalism narrative and open the door to a more balanced global growth and return picture than markets have seen in recent years.** Prices have moved fast — arguably ahead of the actual forecast changes — which cuts both ways: there are now paths to relief in US equities, and scope for some reversal of rest-of-world outperformance, but heavy, often FX-unhedged US exposures and high valuations leave room for the moves to extend unless policies reverse.","unpacked. the month's two shifts work together. a sharp downgrade of us growth expectations in equities, rates and the dollar has coincided with a re-rating higher of the fiscal impulse in germany and, more modestly, china. **together they challenge the us exceptionalism narrative and open the door to a more balanced global growth and return picture than markets have seen in recent years.** prices have moved fast — arguably ahead of the actual forecast changes — which cuts both ways: there are now paths to relief in us equities, and scope for some reversal of rest-of-world outperformance, but heavy, often fx-unhedged us exposures and high valuations leave room for the moves to extend unless policies reverse.",,,
sellside-c1ed8bc0-c3fa-4c31-bce0-d80d89ce49e5__line_0017,sellside-c1ed8bc0-c3fa-4c31-bce0-d80d89ce49e5,17,92,"Global Views: Bending, Not Breaking",us_macro_economy,generic/context-analysis,"On inflation, the note draws a sharp line between near-term and later dynamics. **AI-related measurement distortions — software bundling treated as pure price increases, plus an outsized PCE weight on software and accessories — will lift core PCE by about 0.4pp and delay the disinflation [REDACTED] had expected.** These join a 0.3pp energy pass-through as transitory shocks. Looking further out, the picture improves: shelter should keep slowing as official data catch up with weak market rents, and labor costs are running low. Sequential core PCE is seen back at 2% later in 2026, though the year-on-year rate is not expected to reach target until mid-2027.","on inflation, the note draws a sharp line between near-term and later dynamics. **ai-related measurement distortions — software bundling treated as pure price increases, plus an outsized pce weight on software and accessories — will lift core pce by about 0.4pp and delay the disinflation had expected.** these join a 0.3pp energy pass-through as transitory shocks. looking further out, the picture improves: shelter should keep slowing as official data catch up with weak market rents, and labor costs are running low. sequential core pce is seen back at 2% later in 2026, though the year-on-year rate is not expected to reach target until mid-2027.",,,
sellside-e913435a-7700-4ab1-b432-f5e84d0e248c__line_0006,sellside-e913435a-7700-4ab1-b432-f5e84d0e248c,6,93,USA: Existing Home Sales Roughly in Line With Consensus Expectations; Lowering Q2 GDP Tracking to 1.6%,us_macro_economy,generic/post-release-comment,"- The combination of soft prices, elevated months' supply, and lengthening days on market signals a still-slack resale market, with affordability gains only partly offsetting buyer caution.","- the combination of soft prices, elevated months' supply, and lengthening days on market signals a still-slack resale market, with affordability gains only partly offsetting buyer caution.",,,
sellside-7281fec4-c78d-4bd8-a772-c4dcc8decaaf__line_0004,sellside-7281fec4-c78d-4bd8-a772-c4dcc8decaaf,4,93,USA: Existing Home Sales Below Expectations,us_macro_economy,generic/post-release-comment,"- **Prices softened while affordability and the supply-demand balance edged better.** The median sales price fell 0.5% month over month (SA by [REDACTED]), trimming the year-over-year rate to +0.9%. Affordability conditions are described as improving, and the supply-demand imbalance eased slightly, with months' supply rising to 4.2 months (SA by [REDACTED]) versus a 2019 average of 3.9.","- **prices softened while affordability and the supply-demand balance edged better.** the median sales price fell 0.5% month over month (sa by ), trimming the year-over-year rate to +0.9%. affordability conditions are described as improving, and the supply-demand imbalance eased slightly, with months' supply rising to 4.2 months (sa by ) versus a 2019 average of 3.9.",,,
sellside-b40865e7-d1cd-4909-8ad2-56032b9e3fd7__line_0004,sellside-b40865e7-d1cd-4909-8ad2-56032b9e3fd7,4,93,USA: New Home Sales Above Expectations,us_macro_economy,generic/post-release-comment,"Implications. - The release did not move the growth outlook: the Q2 GDP tracking estimate held at +2.1% (q/q annualized), the Q2 domestic final sales forecast at 0%, and the past-quarter tracking estimate at -0.5%.","implications. - the release did not move the growth outlook: the q2 gdp tracking estimate held at +2.1% ( annualized), the q2 domestic final sales forecast at 0%, and the past-quarter tracking estimate at -0.5%.",,,
sellside-8908a9d2-1506-4d58-b25d-7268941c4281__line_0012,sellside-8908a9d2-1506-4d58-b25d-7268941c4281,12,94,US Economics Analyst: Fiscal Policy Won’t Offset the Drag from Tariffs (Phillips),us_macro_economy,generic/qualitative-research,"- **[REDACTED] estimates DOGE will cut annual federal spending by $50–100bn (0.15–0.3% of GDP), with smaller savings in 2025**, and expects the workforce to shrink 300–350k (14–16%) this year, worth roughly $40bn/yr (0.1% of GDP).","- ** estimates doge will cut annual federal spending by $50–100bn (0.15–0.3% of gdp), with smaller savings in 2025**, and expects the workforce to shrink 300–350k (14–16%) this year, worth roughly $40bn/yr (0.1% of gdp).",,,
sellside-01e90695-35bf-4000-9eb4-ed66b9fcb0f4__line_0001,sellside-01e90695-35bf-4000-9eb4-ed66b9fcb0f4,1,94,US Economics Analyst: Tariffs and Fiscal Policy Ahead of the Midterms,us_macro_economy,generic/context-analysis,"Landscape. - Prediction markets give Democrats the edge for House control next year, while the Republican Senate majority looks safer.","landscape. - prediction markets give democrats the edge for house control next year, while the republican senate majority looks safer.",,,
sellside-65570b14-e2c1-4457-95a5-75355ac5a378__line_0016,sellside-65570b14-e2c1-4457-95a5-75355ac5a378,16,94,US Economics Analyst: A Slightly Larger Tax Cut Still Won’t Offset the Drag From Tariffs (Phillips),us_macro_economy,generic/qualitative-research,"At issue. House committees passed their components of the budget reconciliation bill, which the House Budget Committee assembled into a single bill on May 18; a floor vote was expected around May 23. The bill extends expiring TCJA cuts, adds new cuts (no tax on tips and overtime, a senior standard deduction, auto-loan interest deductibility for domestically produced vehicles, a $30k SALT cap), reinstates business investment incentives, adds full expensing of manufacturing structures, imposes new taxes (executive comp limits, the foreign ""unfair tax"" levy), cuts Medicaid, SNAP and IRA green subsidies, adds ~$300bn for defense and immigration, and raises the debt limit by $4tn. Campaign proposals appeared in scaled-down form: tips/overtime are excluded from income but not payroll tax, Social Security benefits are not exempted, and the promised 15% manufacturing rate became structure expensing instead.","at issue. house committees passed their components of the budget reconciliation bill, which the house budget committee assembled into a single bill on may 18; a floor vote was expected around may 23. the bill extends expiring tcja cuts, adds new cuts (no tax on tips and overtime, a senior standard deduction, auto-loan interest deductibility for domestically produced vehicles, a $30k salt cap), reinstates business investment incentives, adds full expensing of manufacturing structures, imposes new taxes (executive comp limits, the foreign ""unfair tax"" levy), cuts medicaid, snap and ira green subsidies, adds ~$300bn for defense and immigration, and raises the debt limit by $4tn. campaign proposals appeared in scaled-down form: tips/overtime are excluded from income but not payroll tax, social security benefits are not exempted, and the promised 15% manufacturing rate became structure expensing instead.",,,
sellside-9d7bb308-850b-4f11-8452-db3ba0b53d85__line_0003,sellside-9d7bb308-850b-4f11-8452-db3ba0b53d85,3,95,Global Markets Analyst: Markets Outlook 2026: Some Like It Hot,us_macro_economy,generic/context-analysis,"- Core inflation for the world and most major DM/EM regions is forecast to end 2026 at its lowest levels since 2021 H1, closing the above-target period that began in late 2021.","- core inflation for the world and most major dm/em regions is forecast to end 2026 at its lowest levels since 2021 h1, closing the above-target period that began in late 2021.",,,
sellside-bce66921-7b69-477c-8c80-91fbb5c9fb6b__line_0001,sellside-bce66921-7b69-477c-8c80-91fbb5c9fb6b,1,95,"Global Markets: Cyclical Tailwinds, Valuation Headwinds [Replay]",us_macro_economy,generic/context-analysis,"Landscape. - The item is a 31:50 audio replay; the accompanying text carries no indicator levels, moves or benchmark comparisons to report.","landscape. - the item is a 31:50 audio replay; the accompanying text carries no indicator levels, moves or benchmark comparisons to report.",,,
sellside-21ae60e7-6aa4-4e4c-a60a-0fa1a7d36300__line_0005,sellside-21ae60e7-6aa4-4e4c-a60a-0fa1a7d36300,5,95,"Global Economics Analyst: Macro Outlook 2026: Sturdy Growth, Stagnant Jobs, Stable Prices",us_macro_economy,generic/context-analysis,"- Fed funds at a level the note expects to fall to 3-3.25%; market pricing has shifted toward hikes in Canada, Australia and New Zealand.","- fed funds at a level the note expects to fall to 3-3.25%; market pricing has shifted toward hikes in canada, australia and new zealand.",,,
sellside-4d35e3e5-0c49-49ad-a079-3bb0a5d6ff36__line_0005,sellside-4d35e3e5-0c49-49ad-a079-3bb0a5d6ff36,5,96,USA: Trade Deficit Widens by More Than Expected in May; Lowering Q2 GDP Tracking Estimate to 2.2%,us_macro_economy,generic/post-release-comment,"- The Q2 domestic final sales estimate — a cleaner read on underlying demand, stripping out trade and inventory swings — stands at +1.9%, signaling the downgrade is driven by net trade rather than softer domestic demand.","- the q2 domestic final sales estimate — a cleaner read on underlying demand, stripping out trade and inventory swings — stands at +1.9%, signaling the downgrade is driven by net trade rather than softer domestic demand.",,,
sellside-ba10fd51-999f-4447-9a5e-a3d8d62ee03d__line_0001,sellside-ba10fd51-999f-4447-9a5e-a3d8d62ee03d,1,96,USA: Productivity Growth Above Expectations; Unit Labor Costs Below Expectations; Initial Claims Somewhat Below Expectations,us_macro_economy,generic/post-release-comment,"Context. A same-day reaction to the Q2 preliminary productivity and unit labor cost release and the latest weekly jobless claims, feeding the debate over whether labor-cost pressure is consistent with the Fed's 2% inflation goal.","context. a same-day reaction to the q2 preliminary productivity and unit labor cost release and the latest weekly jobless claims, feeding the debate over whether labor-cost pressure is consistent with the fed's 2% inflation goal.",,,
sellside-fd875e42-64eb-4fd6-9e8b-0685994f3660__line_0008,sellside-fd875e42-64eb-4fd6-9e8b-0685994f3660,8,96,USA: Productivity Growth Revised Up; ADP Employment Below Expectations; Trade Deficit Widens in July; Lowering Q3 GDP Tracking to +1.6%; Initial Jobless Claims Somewhat Above Expectations,us_macro_economy,generic/post-release-comment,"- Trade-driven downgrade leaves [REDACTED] Q3 growth tracking at a subdued +1.6%, with underlying final sales unchanged — the softening is in net trade, not domestic demand.","- trade-driven downgrade leaves q3 growth tracking at a subdued +1.6%, with underlying final sales unchanged — the softening is in net trade, not domestic demand.",,,
sellside-b9d40461-aa60-43ee-96ae-4056cb75f154__line_0007,sellside-b9d40461-aa60-43ee-96ae-4056cb75f154,7,97,Global Rates Notes: 1Q26 Treasury Refunding Preview,us_macro_economy,generic/release-expectations,"Outlook. - **Forward-looking guidance likely little changed**, per the analyst: the ""next several quarters"" language probably stays, with a possible tweak from ""has begun to preliminarily consider future increases"" to ""continues to consider."" A November start to coupon increases argues for a more substantive change, but Treasury's apparently lower deficit assumption (vs [REDACTED] economists' $2.05tn FY26) supports a status-quo signal for now.","outlook. - **forward-looking guidance likely little changed**, per the analyst: the ""next several quarters"" language probably stays, with a possible tweak from ""has begun to preliminarily consider future increases"" to ""continues to consider."" a november start to coupon increases argues for a more substantive change, but treasury's apparently lower deficit assumption (vs economists' $2.05tn fy26) supports a status-quo signal for now.",,,
sellside-5f68a17e-1b40-4095-9da6-6d678a2306df__line_0015,sellside-5f68a17e-1b40-4095-9da6-6d678a2306df,15,97,Global Rates Notes: Regulatory Reform and the Issuance Mix: What's Priced into the US Treasury Market,us_macro_economy,generic/qualitative-research,"Backdrop. US Treasury swap spreads track the supply/demand balance for Treasuries against a risk-free curve. Bank capital rules — the Supplementary Leverage Ratio, its enhanced version (eSLR), and the G-SIB surcharge — govern how much balance sheet dealers can commit to intermediating Treasuries; when the SLR binds, it caps demand for even riskless assets. [REDACTED] frames bank capacity through the lowest comfortable level of reserves (LCLOR): assuming QT ends with ~$2.9tn of reserves, an 11.5% LCLOR would allow bank assets to grow ~$1.2tn (5%), well inside the estimated $2.4-4.6tn SLR-reform capacity. Two exogenous forces — the fiscal trajectory (which sets Treasury free float) and the Fed's QT endgame (which sets system liquidity) — remain the primary determinants of where spreads and yields settle, and currently bias fair value tighter.","backdrop. us treasury swap spreads track the supply/demand balance for treasuries against a risk-free curve. bank capital rules — the supplementary leverage ratio, its enhanced version (eslr), and the g-sib surcharge — govern how much balance sheet dealers can commit to intermediating treasuries; when the slr binds, it caps demand for even riskless assets. frames bank capacity through the lowest comfortable level of reserves (lclor): assuming qt ends with ~$2.9tn of reserves, an 11.5% lclor would allow bank assets to grow ~$1.2tn (5%), well inside the estimated $2.4-4.6tn slr-reform capacity. two exogenous forces — the fiscal trajectory (which sets treasury free float) and the fed's qt endgame (which sets system liquidity) — remain the primary determinants of where spreads and yields settle, and currently bias fair value tighter.",,,
sellside-dcddc44a-2381-4d86-a527-f919659acce2__line_0013,sellside-dcddc44a-2381-4d86-a527-f919659acce2,13,97,Global Rates Notes: 3Q25 Treasury Refunding Recap,us_macro_economy,generic/qualitative-research,"At issue. At the 3Q25 refunding, Treasury (1) kept nominal coupons and FRNs unchanged while nudging 5y and 10y TIPS higher; (2) set a TGA path to a full post-debt-limit rebuild to $850bn by end-Q3; (3) restructured buybacks — raising the liquidity-support envelope to $38bn with a doubling of long-end purchases, lifting cash management buybacks to $150bn/year, and preparing to widen counterparty access; and (4) surfaced, via the minutes, a planned reassessment of optimal debt structure in light of shifting demand and elevated term premium.","at issue. at the 3q25 refunding, treasury (1) kept nominal coupons and frns unchanged while nudging 5y and 10y tips higher; (2) set a tga path to a full post-debt-limit rebuild to $850bn by end-q3; (3) restructured buybacks — raising the liquidity-support envelope to $38bn with a doubling of long-end purchases, lifting cash management buybacks to $150bn/year, and preparing to widen counterparty access; and (4) surfaced, via the minutes, a planned reassessment of optimal debt structure in light of shifting demand and elevated term premium.",,,
sellside-ff106ace-29b9-4601-8593-64f098960b62__line_0001,sellside-ff106ace-29b9-4601-8593-64f098960b62,1,98,Global Markets Daily: “Macro” Versus “Distributional” Volatility in Equities,us_macro_economy,generic/qualitative-research,"Definitive impacts. - Average implied single-stock volatility now sits near historical highs while implied correlation sits at historical lows, at both short- and long-dated tenors; caught between the two, implied index volatility sits a bit above the middle of its historical range.","definitive impacts. - average implied single-stock volatility now sits near historical highs while implied correlation sits at historical lows, at both short- and long-dated tenors; caught between the two, implied index volatility sits a bit above the middle of its historical range.",,,
sellside-f7f7051e-dfd8-40ba-ba30-69ff749c3345__line_0007,sellside-f7f7051e-dfd8-40ba-ba30-69ff749c3345,7,98,"Global Markets Daily: Macro and Equity Returns—Cycle Dominates Valuations, But Tension Could Fuel Volatility",us_macro_economy,generic/qualitative-research,"Opinative impacts. - [REDACTED] expects continued equity upside this year: it sees strong growth and falling inflation dominating high valuations, consistent with its Portfolio Strategy team's 7600 S&P 500 year-end target (~10% upside).","opinative impacts. - expects continued equity upside this year: it sees strong growth and falling inflation dominating high valuations, consistent with its portfolio strategy team's 7600 s&p 500 year-end target (~10% upside).",,,
sellside-efba44de-ebdc-4e51-8cf9-74b0ad552f50__line_0006,sellside-efba44de-ebdc-4e51-8cf9-74b0ad552f50,6,98,Global Markets Daily: The Case for Structurally Higher US Equity Volatility,us_macro_economy,generic/quantitative-research,"- Concentration and stretched valuations are read as proxies for AI's imprint on the market, echoing the late-1990s tech boom; they are symptoms, not direct measures, of AI risk.","- concentration and stretched valuations are read as proxies for ai's imprint on the market, echoing the late-1990s tech boom; they are symptoms, not direct measures, of ai risk.",,,
sellside-8bda3636-d83c-49f2-b4f5-7832696c3d45__line_0006,sellside-8bda3636-d83c-49f2-b4f5-7832696c3d45,6,99,Global Markets Analyst: A Rates View of the AI Boom,us_macro_economy,generic/qualitative-research,"- A rising share of AI capex is debt-funded rather than financed from free cash flow, lifting IG/HY credit net supply.","- a rising share of ai capex is debt-funded rather than financed from free cash flow, lifting ig/hy credit net supply.",,,
sellside-817519a7-40f9-43dc-926a-d1fbb1b82629__line_0001,sellside-817519a7-40f9-43dc-926a-d1fbb1b82629,1,99,Global Markets Analyst: Where the AI Boom Stands Now—Markets Ahead of the Macro,us_macro_economy,generic/context-analysis,Landscape. - Tech investment as a share of GDP has breached its 1990s highs and risen faster than it did then; AI-related investment is on track to approach — and could exceed — the 1990s tech-investment peak within a couple of years.,landscape. - tech investment as a share of gdp has breached its 1990s highs and risen faster than it did then; ai-related investment is on track to approach — and could exceed — the 1990s tech-investment peak within a couple of years.,,,
sellside-6606345d-8313-4434-a9b8-57e9b2b5b30a__line_0021,sellside-6606345d-8313-4434-a9b8-57e9b2b5b30a,21,99,Global Markets Analyst: AI Versus the 1990s—The Path from Macro Boom to Macro Bubble,us_macro_economy,generic/qualitative-research,"Measured against that scorecard, AI scores as early-cycle on nearly every macro metric while running ahead on valuation. **The gap between stretched equity valuations and still-benign fundamentals is the note's central tension: whether AI investments pay off and whether the market has already priced that payoff are treated as two separate questions, and the second looks more advanced than the first.** The reassurance is explicitly qualified — Greenspan's ""irrational exuberance"" came in December 1996, years before the top, and prices later fell below even that level, so being ""at 1997"" is no guarantee of safety.","measured against that scorecard, ai scores as early-cycle on nearly every macro metric while running ahead on valuation. **the gap between stretched equity valuations and still-benign fundamentals is the note's central tension: whether ai investments pay off and whether the market has already priced that payoff are treated as two separate questions, and the second looks more advanced than the first.** the reassurance is explicitly qualified — greenspan's ""irrational exuberance"" came in december 1996, years before the top, and prices later fell below even that level, so being ""at 1997"" is no guarantee of safety.",,,
sellside-e2bb502d-4eb2-4328-a37b-d407a6fd46e0__line_0006,sellside-e2bb502d-4eb2-4328-a37b-d407a6fd46e0,6,100,USA: Housing Starts Decline; Industrial Production Below Expectations; Core Import Prices Above Expectations; Estimating 0.20% for July Core PCE,us_macro_economy,inflation/post-release-comment,"- **The import data left the July core PCE estimate unchanged.** Core PCE is tracked at 0.20% for July, a +3.24% year-over-year rate, with headline PCE at 0.12% (+3.61% year-over-year) and market-based core PCE at 0.12%.","- **the import data left the july core pce estimate unchanged.** core pce is tracked at 0.20% for july, a +3.24% year-over-year rate, with headline pce at 0.12% (+3.61% year-over-year) and market-based core pce at 0.12%.",,,
sellside-95c2052f-3c16-4e36-8213-74404b846348__line_0001,sellside-95c2052f-3c16-4e36-8213-74404b846348,1,100,USA: Core Retail Sales Below Expectations; PPI Declines; Estimating 0.11% for Core PCE; Initial Claims and Empire in Line; Philly Fed Rises,us_macro_economy,inflation/post-release-comment,"Context. A same-day reaction to April's US data batch — retail sales, PPI, the Philadelphia Fed and Empire manufacturing surveys, and weekly jobless claims — with the main analytical payoff being an updated bottom-up estimate for core PCE inflation.","context. a same-day reaction to april's us data batch — retail sales, ppi, the philadelphia fed and empire manufacturing surveys, and weekly jobless claims — with the main analytical payoff being an updated bottom-up estimate for core pce inflation.",,,
sellside-4827ab55-0679-4519-bb73-44c49f26327c__line_0004,sellside-4827ab55-0679-4519-bb73-44c49f26327c,4,100,USA: Retail Sales Well Below Expectations; Import Prices Somewhat Below Expectations; Estimating 0.29% for January Core PCE,us_macro_economy,inflation/post-release-comment,"- **The practical conclusion is a contained PCE inflation estimate for January.** Core PCE is estimated at 0.29% on the month (versus 0.30% before the import price data), or 2.58% year-on-year; the headline at 0.33% on the month and 2.46% year-on-year; and market-based core PCE at 0.26%.","- **the practical conclusion is a contained pce inflation estimate for january.** core pce is estimated at 0.29% on the month (versus 0.30% before the import price data), or 2.58% year-on-year; the headline at 0.33% on the month and 2.46% year-on-year; and market-based core pce at 0.26%.",,,
sellside-a00e554b-c245-4948-a306-31f6627ba8b4__line_0011,sellside-a00e554b-c245-4948-a306-31f6627ba8b4,11,101,Global Markets Daily: Assessing the Impact of Oil on USD HY Spreads (Grut),us_macro_economy,generic/qualitative-research,"Backdrop. The USD HY index carries a materially larger Energy component than two decades ago, so oil moves matter more to the index than they once did — but the transmission is neither linear nor proportional to sector weight. Since the 2014–16 collapse in oil prices, HY Energy issuers have run more conservative balance sheets and lower capex (still below the pre-2015 average), which has muted the sector's spread sensitivity to oil and made it trade defensively rather than as a high-beta play on crude.","backdrop. the usd hy index carries a materially larger energy component than two decades ago, so oil moves matter more to the index than they once did — but the transmission is neither linear nor proportional to sector weight. since the 2014–16 collapse in oil prices, hy energy issuers have run more conservative balance sheets and lower capex (still below the pre-2015 average), which has muted the sector's spread sensitivity to oil and made it trade defensively rather than as a high-beta play on crude.",,,
sellside-766700e1-9661-4c44-9792-249e65b2d7ea__line_0011,sellside-766700e1-9661-4c44-9792-249e65b2d7ea,11,101,Global Markets Daily: Unpacking Energy Performance in Credit: How Much Fuel Is Left in the Tank?,us_macro_economy,generic/context-analysis,"**On valuation, the argument is that tight spreads are not the binding constraint many assume — least of all in IG, where Energy trades in line with the index rather than through it.** HY Energy does trade well inside the broad index, but the historical record shows the sector sustaining tight levels for long periods, so current pricing alone is not a trigger for reversal.","**on valuation, the argument is that tight spreads are not the binding constraint many assume — least of all in ig, where energy trades in line with the index rather than through it.** hy energy does trade well inside the broad index, but the historical record shows the sector sustaining tight levels for long periods, so current pricing alone is not a trigger for reversal.",,,
sellside-505f5dda-df31-4911-82a6-9ce6bb24669d__line_0010,sellside-505f5dda-df31-4911-82a6-9ce6bb24669d,10,101,Global Markets Daily: The Case for Agency MBS (Manohar),us_macro_economy,generic/qualitative-research,"- [REDACTED] expects spreads to stay volatile around current levels for the next 2–3 months, then tighten in H2 2025 as the growth slowdown shows in hard data and the Fed pivots to cuts.","- expects spreads to stay volatile around current levels for the next 2–3 months, then tighten in h2 2025 as the growth slowdown shows in hard data and the fed pivots to cuts.",,,
sellside-39865715-4c23-4e97-bf2d-57776e22a1fe__line_0017,sellside-39865715-4c23-4e97-bf2d-57776e22a1fe,17,102,US Economics Analyst: What Not to Watch: Data Reliability and Market Sensitivity to Economic Surprises (Walker),us_macro_economy,generic/qualitative-research,"That distinction matters for where a reader should focus concern. **Sampling noise now bites hardest on JOLTS, the price data and the employment report — the exact releases that most move rates and the Fed.** The CPI case is the sharpest forward-looking worry: reduced price collection is not a past event whose damage is done but an ongoing change that pushes the standard error higher from here, roughly doubling the monthly figure and widening its confidence band to about 20bp.","that distinction matters for where a reader should focus concern. **sampling noise now bites hardest on jolts, the price data and the employment report — the exact releases that most move rates and the fed.** the cpi case is the sharpest forward-looking worry: reduced price collection is not a past event whose damage is done but an ongoing change that pushes the standard error higher from here, roughly doubling the monthly figure and widening its confidence band to about 20bp.",,,
sellside-4239a607-bd94-4b15-80fb-739f4e2402ff__line_0011,sellside-4239a607-bd94-4b15-80fb-739f4e2402ff,11,102,"US Economics Analyst: A Look Back at Economic Data Surprises, Our Forecast Performance, and Market Reactions in 2024 (Walker)",us_macro_economy,generic/context-analysis,"- Rates sensitivity to growth stayed elevated even after summer recession fears faded, signaling that bond investors see activity and the labor market — not inflation alone — shaping the timing and size of 2025 Fed easing.","- rates sensitivity to growth stayed elevated even after summer recession fears faded, signaling that bond investors see activity and the labor market — not inflation alone — shaping the timing and size of 2025 fed easing.",,,
sellside-4d88a7cb-f93d-4e2e-aa62-182b9e18936f__line_0005,sellside-4d88a7cb-f93d-4e2e-aa62-182b9e18936f,5,102,"US Economics Analyst: Economic Data Surprises, Our Forecast Performance, and Market Reactions in 2025",us_macro_economy,generic/context-analysis,- Market sensitivity to inflation surprises stayed elevated at 1.5x normal for stocks and 2.6x for bonds (down from 2.2x and 5.5x in 2024).,- market sensitivity to inflation surprises stayed elevated at 1.5x normal for stocks and 2.6x for bonds (down from 2.2x and 5.5x in 2024).,,,
sellside-60f9e1af-5f3f-4b0b-ac6e-5982477dfa71__line_0008,sellside-60f9e1af-5f3f-4b0b-ac6e-5982477dfa71,8,103,Global Markets Daily: Tariffs and the Dollar: Why We Flipped Our View,us_macro_economy,generic/qualitative-research,"- [REDACTED] argues broad, unilateral tariffs can make the US a ""price-taker"": if supply chains and consumers are inelastic short term, the Dollar must weaken to adjust, with US terms of trade deteriorating.","- argues broad, unilateral tariffs can make the us a ""price-taker"": if supply chains and consumers are inelastic short term, the dollar must weaken to adjust, with us terms of trade deteriorating.",,,
sellside-57098599-07b6-4899-b089-b2ca0693cbf9__line_0001,sellside-57098599-07b6-4899-b089-b2ca0693cbf9,1,103,Global Markets Daily: Gauging the Demand for Dollars with Capital Flows,us_macro_economy,generic/context-analysis,"Landscape. - Net foreign demand for US equities remains positive, with no evidence of sustained net selling since the one clear episode right after the April 2025 tariff announcement.","landscape. - net foreign demand for us equities remains positive, with no evidence of sustained net selling since the one clear episode right after the april 2025 tariff announcement.",,,
sellside-d6387407-fdc2-42c5-98bf-e4141c19fc6f__line_0012,sellside-d6387407-fdc2-42c5-98bf-e4141c19fc6f,12,103,Global Markets Daily: How Fiscal Risks Could Impact the Dollar (Rosenberg/Jenkins),us_macro_economy,generic/qualitative-research,"At issue. Fiscal sustainability has moved to the center of investor attention — in the US, but also the UK and Japan. The timing of the US budget process focused markets on the large, persistent deficit just as they were already questioning the durability of foreign demand for US assets. This produced brief but sharp dislocations between the Dollar and US rates, though the more usual positive relationship reasserted itself in the days before the note.","at issue. fiscal sustainability has moved to the center of investor attention — in the us, but also the uk and japan. the timing of the us budget process focused markets on the large, persistent deficit just as they were already questioning the durability of foreign demand for us assets. this produced brief but sharp dislocations between the dollar and us rates, though the more usual positive relationship reasserted itself in the days before the note.",,,
sellside-54ec4b7a-8524-4ff6-b5f5-a91937cf525a__line_0006,sellside-54ec4b7a-8524-4ff6-b5f5-a91937cf525a,6,104,US Week Ahead: March 17 - March 23,us_macro_economy,generic/context-analysis,"Drivers. - **Consumer spending is rebounding from a weak January**: core retail sales are estimated at +0.5%, driven by continued card-spending growth and payback for the soft prior reading, partly offset by colder-than-usual weather.","drivers. - **consumer spending is rebounding from a weak january**: core retail sales are estimated at +0.5%, driven by continued card-spending growth and payback for the soft prior reading, partly offset by colder-than-usual weather.",,,
sellside-35f1707d-8fe9-4789-8063-9408e945cc13__line_0005,sellside-35f1707d-8fe9-4789-8063-9408e945cc13,5,104,US Week Ahead: January 13 – January 19,us_macro_economy,generic/context-analysis,"- Headline retail sales last rose +0.7% mom, with core (control group) at +0.4%.","- headline retail sales last rose +0.7% mom, with core (control group) at +0.4%.",,,
sellside-8b9b4c5b-bfcb-4fbd-ab4c-563bdc567eed__line_0006,sellside-8b9b4c5b-bfcb-4fbd-ab4c-563bdc567eed,6,104,Global Week Ahead: July 13 - July 19,us_macro_economy,generic/context-analysis,"- US core retail sales seen at 0.4% mom, below the 0.5% consensus and decelerating from 0.7% last — [REDACTED] reads consumer spending momentum as softer than consensus.","- us core retail sales seen at 0.4% mom, below the 0.5% consensus and decelerating from 0.7% last — reads consumer spending momentum as softer than consensus.",,,
sellside-85e6483f-dfb4-474f-a607-2ebe3cf80883__line_0007,sellside-85e6483f-dfb4-474f-a607-2ebe3cf80883,7,105,USA: Industrial Production Below Expectations; Boosting Q1 GDP Tracking Estimate to +0.4%,us_macro_economy,generic/post-release-comment,"- The weight of the utilities decline and the retail revision shows the adjustment is compositional, not a change in the underlying activity trend.","- the weight of the utilities decline and the retail revision shows the adjustment is compositional, not a change in the underlying activity trend.",,,
sellside-1d4b49e5-dde5-4069-83c5-b1e51c8607f4__line_0004,sellside-1d4b49e5-dde5-4069-83c5-b1e51c8607f4,4,105,USA: Industrial Production Below Expectations; Auto Assemblies and Business Equipment Increase; Boosting Q2 GDP Tracking to +4.2%,us_macro_economy,generic/post-release-comment,"- **Combined with the retail sales details, including an upward revision to April core retail sales, these figures more than offset the soft headline.** On net, the Q2 GDP tracking estimate was raised 0.4pp to +4.2% annualized, while domestic final sales — a cleaner read on underlying demand — moved up only 0.2pp to +0.2%, underscoring that much of the headline growth is not core demand.","- **combined with the retail sales details, including an upward revision to april core retail sales, these figures more than offset the soft headline.** on net, the q2 gdp tracking estimate was raised 0.4pp to +4.2% annualized, while domestic final sales — a cleaner read on underlying demand — moved up only 0.2pp to +0.2%, underscoring that much of the headline growth is not core demand.",,,
sellside-673c8d91-edcc-46a2-96e1-85859c5a7479__line_0005,sellside-673c8d91-edcc-46a2-96e1-85859c5a7479,5,105,USA: Manufacturing Production Declines in January; Lowering Q1 GDP Tracking Estimate to +2.0%,us_macro_economy,generic/post-release-comment,Implications. - Q1 GDP tracking lowered 0.3pp to +2.0% (q/q annualized); Q1 domestic final sales cut 0.1pp to +2.2%; Q4 past-quarter tracking trimmed 0.1pp to +2.1%.,implications. - q1 gdp tracking lowered 0.3pp to +2.0% ( annualized); q1 domestic final sales cut 0.1pp to +2.2%; q4 past-quarter tracking trimmed 0.1pp to +2.1%.,,,
sellside-8f95afbf-9423-441b-ac4b-4de3d6e27a9b__line_0003,sellside-8f95afbf-9423-441b-ac4b-4de3d6e27a9b,3,106,USA: Empire Manufacturing Index Declines in June,us_macro_economy,generic/qualitative-research,"- Up 9.8pt to +4.7 — employment component, the report's main area of strength.","- up 9.8pt to +4.7 — employment component, the report's main area of strength.",,,
sellside-934db59b-29ce-40fc-bedc-d2b3f570086a__line_0001,sellside-934db59b-29ce-40fc-bedc-d2b3f570086a,1,106,USA: Empire Manufacturing Well Above Expectations,us_macro_economy,generic/post-release-comment,"Context. This is a same-day reaction to the November Empire State manufacturing survey, which came in well above consensus and speaks to the debate over the underlying strength of US factory activity.","context. this is a same-day reaction to the november empire state manufacturing survey, which came in well above consensus and speaks to the debate over the underlying strength of us factory activity.",,,
sellside-9792be33-cdef-460e-a760-d6ed11382c30__line_0007,sellside-9792be33-cdef-460e-a760-d6ed11382c30,7,106,USA: Empire Manufacturing Well Above Expectations,us_macro_economy,generic/qualitative-research,"At issue. The New York Fed's Empire State manufacturing survey for August 2026 came in at 20.6, a 5.0pt rise from July's 15.6 and more than double the 10.0 consensus. The internal picture was less uniform: activity components (new orders, shipments, employment) all fell while remaining positive, price pressures on the paid side increased for both current and expected readings, and the forward-looking business conditions index improved.","at issue. the new york fed's empire state manufacturing survey for august 2026 came in at 20.6, a 5.0pt rise from july's 15.6 and more than double the 10.0 consensus. the internal picture was less uniform: activity components (new orders, shipments, employment) all fell while remaining positive, price pressures on the paid side increased for both current and expected readings, and the forward-looking business conditions index improved.",,,
sellside-d6359fcf-22aa-4edc-9ec8-34828f2c1fdb__line_0004,sellside-d6359fcf-22aa-4edc-9ec8-34828f2c1fdb,4,107,Global Markets Daily: Why FX Hedging Shifts Should Continue (Fishman/Kanter),us_macro_economy,generic/qualitative-research,"- FX has become a larger contributor to multi-asset portfolio variance, mechanically raising the risk-reduction value of hedging USD exposure.","- fx has become a larger contributor to multi-asset portfolio variance, mechanically raising the risk-reduction value of hedging usd exposure.",,,
sellside-a939f571-749f-4fd6-a716-7a78584d4d7d__line_0008,sellside-a939f571-749f-4fd6-a716-7a78584d4d7d,8,107,Global Markets Daily: The Dollar and Rising FX Risk in Multi-Asset Portfolios (Mueller-Glissmann/Cahill),us_macro_economy,generic/qualitative-research,"Opinative impacts. - [REDACTED] expects further Dollar weakness as investors adjust to shifting global return prospects and reduced appetite for new US investment, though it now sees more two-way risk than before.","opinative impacts. - expects further dollar weakness as investors adjust to shifting global return prospects and reduced appetite for new us investment, though it now sees more two-way risk than before.",,,
sellside-a2019f5c-9829-440e-b02f-b3f71541ca4b__line_0013,sellside-a2019f5c-9829-440e-b02f-b3f71541ca4b,13,107,Global Markets Daily: Hedging Dollar Assets—What We Know and What We Think (Cahill/Kanter),us_macro_economy,generic/context-analysis,"Canada offers the most granular picture: OTPP raised total FX derivatives by ~CAD 40bn while cutting USD, CPP and CDPQ trimmed net USD exposure, and OMERS cited active hedging including a ~30bp lift from USD hedges added at end-2024. **Even here, the disclosures cannot separate a durable strategy shift from reallocation away from Dollar assets or ordinary spot transactions** — a snapshot on the last day of a period tells you the level, not the intent.","canada offers the most granular picture: otpp raised total fx derivatives by ~cad 40bn while cutting usd, cpp and cdpq trimmed net usd exposure, and omers cited active hedging including a ~30bp lift from usd hedges added at end-2024. **even here, the disclosures cannot separate a durable strategy shift from reallocation away from dollar assets or ordinary spot transactions** — a snapshot on the last day of a period tells you the level, not the intent.",,,
sellside-339939b3-f7b1-484f-b252-e78bac5c8679__line_0015,sellside-339939b3-f7b1-484f-b252-e78bac5c8679,15,108,Global Markets Daily: Fed Cuts Support But Don’t Define Dollar Weakness (Fishman/Kanter),us_macro_economy,monetary-policy/context-analysis,"On the historical framing, neither the pace nor the depth of the Fed's cycle relative to peers gives a clean read on Dollar returns. **What has mattered historically is whether the cutting cycle is ""coordinated"" or not — coordinated, recession-driven cycles (2001, 2008, 2020) produced the broadest Dollar strength, while uncoordinated ones (2007) produced the broadest weakness.** The current cycle is genuinely ambiguous on this test: by a strict threshold fewer than four central banks will have started cutting within three months of the Fed's September move (uncoordinated), yet most will be cutting at least once more around that time (arguably coordinated).","on the historical framing, neither the pace nor the depth of the fed's cycle relative to peers gives a clean read on dollar returns. **what has mattered historically is whether the cutting cycle is ""coordinated"" or not — coordinated, recession-driven cycles (2001, 2008, 2020) produced the broadest dollar strength, while uncoordinated ones (2007) produced the broadest weakness.** the current cycle is genuinely ambiguous on this test: by a strict threshold fewer than four central banks will have started cutting within three months of the fed's september move (uncoordinated), yet most will be cutting at least once more around that time (arguably coordinated).",,,
sellside-b4bb072b-a03c-4414-832d-aecce9a336a5__line_0009,sellside-b4bb072b-a03c-4414-832d-aecce9a336a5,9,108,Global Markets Daily: The Dollar Versus Rate Differentials - Further Underperformance Ahead (Jenkins),us_macro_economy,generic/quantitative-research,"Unpacked. The starting puzzle is that the usual toolkit for explaining the Dollar has worked poorly in 2025. Rate differentials and other cyclical inputs account for only a third of EUR/USD's rise, leaving an unusually large residual that widened sharply after early April. **The note's central claim is that this residual is not noise but a structural shift in cross-border capital and FX-hedging flows away from US assets.**","unpacked. the starting puzzle is that the usual toolkit for explaining the dollar has worked poorly in 2025. rate differentials and other cyclical inputs account for only a third of eur/usd's rise, leaving an unusually large residual that widened sharply after early april. **the note's central claim is that this residual is not noise but a structural shift in cross-border capital and fx-hedging flows away from us assets.**",,,
sellside-21ba42b5-1a2f-403f-aa75-09e459238794__line_0011,sellside-21ba42b5-1a2f-403f-aa75-09e459238794,11,108,Global Markets Daily: Reduced Safe Haven Appeal Makes the Dollar a More Attractive Funder (Fishman/Kanter),us_macro_economy,generic/qualitative-research,"At issue. Higher policy uncertainty and shifting cross-asset correlations have prompted a market reassessment of which assets act as havens. The concrete development is that USD and US Treasuries have more often sold off alongside falling equities, while EUR and Bunds have started trading like the non-USD havens. With recession risk and tail risks now lower, EM carry trades are back in focus, making the choice of funding currency the practical question the note addresses.","at issue. higher policy uncertainty and shifting cross-asset correlations have prompted a market reassessment of which assets act as havens. the concrete development is that usd and us treasuries have more often sold off alongside falling equities, while eur and bunds have started trading like the non-usd havens. with recession risk and tail risks now lower, em carry trades are back in focus, making the choice of funding currency the practical question the note addresses.",,,
sellside-a79d3e4e-bb34-4ece-acb5-0723b77cd2cf__line_0008,sellside-a79d3e4e-bb34-4ece-acb5-0723b77cd2cf,8,109,Global Markets Daily: US Growth Pricing—Assessing Growth Optimism Versus Our Forecasts (Chang),us_macro_economy,generic/qualitative-research,"- [REDACTED] recommends investors hold downside-tail protection against weaker US growth — equity downside protection, long rates positions, or a combination — as its practical takeaway.","- recommends investors hold downside-tail protection against weaker us growth — equity downside protection, long rates positions, or a combination — as its practical takeaway.",,,
sellside-20095529-5447-417b-8830-1851548ae260__line_0001,sellside-20095529-5447-417b-8830-1851548ae260,1,109,"Global Markets Daily: Macro Pricing—Near-Term Risks, But Potential for Focus On Growth Upside in the Medium-Term (Chang)",us_macro_economy,generic/context-analysis,"Landscape. - The market's read on the Fed reaction function has been broadly stable over the past month, per [REDACTED] macro tools decomposing equity/yield moves into growth and policy shocks.","landscape. - the market's read on the fed reaction function has been broadly stable over the past month, per macro tools decomposing equity/yield moves into growth and policy shocks.",,,
sellside-8e4d845a-f46e-4306-83c6-c8654c680c25__line_0017,sellside-8e4d845a-f46e-4306-83c6-c8654c680c25,17,109,Global Markets Daily: Trading the Trade Policy Agenda (Wilson/Chang),us_macro_economy,generic/context-analysis,"A structural point runs underneath the tactical read: the next tariff round is more likely to be durable policy than the bargaining-driven moves of the prior two months. **[REDACTED] worries investors have drawn too strong a conclusion from recent reversals and delays, leaving them exposed if April 2 delivers something meant to stick.** So signals about persistence — the implementation schedule, room to negotiate — matter as much as the headline rates.","a structural point runs underneath the tactical read: the next tariff round is more likely to be durable policy than the bargaining-driven moves of the prior two months. ** worries investors have drawn too strong a conclusion from recent reversals and delays, leaving them exposed if april 2 delivers something meant to stick.** so signals about persistence — the implementation schedule, room to negotiate — matter as much as the headline rates.",,,
sellside-dc69f98d-7350-4d3f-b236-b39daef2f00c__line_0015,sellside-dc69f98d-7350-4d3f-b236-b39daef2f00c,15,110,"Global Markets Daily: FX Vol—Low for Now, but Growing Positive Macro Impulses",us_macro_economy,generic/qualitative-research,"**The core tension is that current vol pricing looks disconnected from a macro backdrop that is quietly becoming more uncertain, and the model says implied vol ""should"" be higher.** The mechanism runs through inflation: benign inflation prints after the 2 April tariff announcement let markets narrow the range of outcomes, which [REDACTED] flags as a key reason vol fell through much of the year. That process has now reversed, with more extreme low-side forecasts widening the distribution even as the average forecast drifts slightly up.","**the core tension is that current vol pricing looks disconnected from a macro backdrop that is quietly becoming more uncertain, and the model says implied vol ""should"" be higher.** the mechanism runs through inflation: benign inflation prints after the 2 april tariff announcement let markets narrow the range of outcomes, which flags as a key reason vol fell through much of the year. that process has now reversed, with more extreme low-side forecasts widening the distribution even as the average forecast drifts slightly up.",,,
sellside-7417e18e-1a8a-4579-834a-c45375314d46__line_0005,sellside-7417e18e-1a8a-4579-834a-c45375314d46,5,110,Global Markets Daily: Reviewing the FX Playbook for NFP,us_macro_economy,generic/release-expectations,"Outlook. - The Dollar remains more vulnerable to a miss than a beat, per the analyst, with tactical positioning normalized but still marginally net long.","outlook. - the dollar remains more vulnerable to a miss than a beat, per the analyst, with tactical positioning normalized but still marginally net long.",,,
sellside-279f1014-244e-448e-9d0c-8521f8bceff3__line_0008,sellside-279f1014-244e-448e-9d0c-8521f8bceff3,8,110,Global Markets Analyst: Predicting Volatility Spikes,us_macro_economy,generic/quantitative-research,"Unpacked. The two-year collapse in rates volatility, tracking disinflation and policy normalization, is the puzzle behind the note. **With vol pressed against levels normally seen only when policy is stuck at the lower bound, the natural question is not whether it stays low but how vulnerable it is to breaking higher.** The prior expectation, from vol's own regime-persistence, is that low vol begets low vol absent an outside shock.","unpacked. the two-year collapse in rates volatility, tracking disinflation and policy normalization, is the puzzle behind the note. **with vol pressed against levels normally seen only when policy is stuck at the lower bound, the natural question is not whether it stays low but how vulnerable it is to breaking higher.** the prior expectation, from vol's own regime-persistence, is that low vol begets low vol absent an outside shock.",,,
sellside-a6d6d7d8-dbb7-4bf5-afd0-1e234556318b__line_0003,sellside-a6d6d7d8-dbb7-4bf5-afd0-1e234556318b,3,111,Global Markets Daily: Growth Holds the Key to G10 Front-End Rates Divergence (Zu),us_macro_economy,monetary-policy/quantitative-research,"- Distance from the inflation target explains much of the current cross-section of front-end steepness — economies further from target (e.g. US, UK) have more room to steepen.","- distance from the inflation target explains much of the current cross-section of front-end steepness — economies further from target (e.g. us, uk) have more room to steepen.",,,
sellside-0553338d-416c-4d48-a530-d971f5015e96__line_0008,sellside-0553338d-416c-4d48-a530-d971f5015e96,8,111,Global Markets Analyst: How We Think About Macro Risks and Their Impact on Macro Markets (Chang),us_macro_economy,generic/quantitative-research,"- Event studies offer a flexible alternative for idiosyncratic shocks (tariffs, elections) but require an identifying event, a scaling variable, and a judgment-laden time window.","- event studies offer a flexible alternative for idiosyncratic shocks (tariffs, elections) but require an identifying event, a scaling variable, and a judgment-laden time window.",,,
sellside-878683f4-8c60-4bf7-8871-77c0c5e76697__line_0009,sellside-878683f4-8c60-4bf7-8871-77c0c5e76697,9,111,Top of Mind: Americas First,us_macro_economy,generic/context-analysis,"**On positioning, the note's clearest steers are to diversify rather than time the market, per [REDACTED]'s Christian Mueller-Glissmann, and to look at EM assets, which [REDACTED]'s Kamakshya Trivedi describes as a surprisingly resilient corner of the market.** No explicit trade idea, target, or quantified forecast appears in this intro, and no current market levels or scoreboard data are provided.","**on positioning, the note's clearest steers are to diversify rather than time the market, per 's christian mueller-glissmann, and to look at em assets, which 's kamakshya trivedi describes as a surprisingly resilient corner of the market.** no explicit trade idea, target, or quantified forecast appears in this intro, and no current market levels or scoreboard data are provided.",,,
sellside-bb7118c4-5287-4efd-8293-8a8fe4eba514__line_0005,sellside-bb7118c4-5287-4efd-8293-8a8fe4eba514,5,112,US Economics Weekly Update 5/26/2026,us_macro_economy,generic/context-analysis,"- University of Michigan long-term inflation expectations jumped to 3.9% in May, again above the pandemic peak; consumer sentiment fell to its lowest level in the survey's history back to 1952.","- university of michigan long-term inflation expectations jumped to 3.9% in may, again above the pandemic peak; consumer sentiment fell to its lowest level in the survey's history back to 1952.",,,
sellside-6f054d51-3a6b-42dd-898b-d4fa5fc2557e__line_0002,sellside-6f054d51-3a6b-42dd-898b-d4fa5fc2557e,2,112,"Global Economics Wrap-Up: June 6, 2025",us_macro_economy,generic/context-analysis,"- The BoC held at 2.75%, matching consensus and market pricing but against the [REDACTED] call for a cut.","- the boc held at 2.75%, matching consensus and market pricing but against the call for a cut.",,,
sellside-0f628a40-2f35-4450-9604-b0edde58e03b__line_0008,sellside-0f628a40-2f35-4450-9604-b0edde58e03b,8,112,"Global Economics Wrap-Up: March 28, 2025",us_macro_economy,generic/context-analysis,"- Inflation expectations are being pushed up by tariff news, but Michigan's year-ahead measure is distorted — partisanship, a rising Democrat respondent share, and a phone-to-online survey switch together added ~1.3pp short-term and ~0.5pp long-term since 2024Q4.","- inflation expectations are being pushed up by tariff news, but michigan's year-ahead measure is distorted — partisanship, a rising democrat respondent share, and a phone-to-online survey switch together added ~1.3pp short-term and ~0.5pp long-term since 2024q4.",,,
sellside-b4cf5ff6-f0af-4eda-8f36-9a247cb50ea1__line_0005,sellside-b4cf5ff6-f0af-4eda-8f36-9a247cb50ea1,5,113,US Economics Analyst: Earnings Season Takeaways: Animal Spirits Over Tariffs (Walker),us_macro_economy,generic/qualitative-research,- The price-announcement tracker rose for the first time since mid-2022 — driven disproportionately by tariff- and retaliation-exposed firms — but stayed within its pre-pandemic range.,- the price-announcement tracker rose for the first time since mid-2022 — driven disproportionately by tariff- and retaliation-exposed firms — but stayed within its pre-pandemic range.,,,
sellside-69fba154-192c-410a-aa07-fd932d4acda5__line_0001,sellside-69fba154-192c-410a-aa07-fd932d4acda5,1,113,US Economics Analyst: Earnings Season Takeaways: Adjusting to the New Environment (Walker),us_macro_economy,generic/context-analysis,"Landscape. - Q2 S&P 500 earnings on track for +11% year-over-year, down slightly from +12% in Q1 but far above the +4% expected at the start of the season.","landscape. - q2 s&p 500 earnings on track for +11% year-over-year, down slightly from +12% in q1 but far above the +4% expected at the start of the season.",,,
sellside-236fb706-7764-45c5-a25c-1b9e3de9bc02__line_0016,sellside-236fb706-7764-45c5-a25c-1b9e3de9bc02,16,113,US Economics Analyst: Earnings Season Takeaways: Consumer Strength Before the Slowdown,us_macro_economy,generic/qualitative-research,"Unpacked. The headline earnings figure flatters the picture, so the note works to strip it down. **The cleaner read is real revenue ex-energy at 6.4% — strong and broad, but concentrated at the top of the index, since the median company and the median non-tech company grew far less.** That gap between mega-cap strength and the typical firm is the recurring caveat behind an otherwise robust quarter.","unpacked. the headline earnings figure flatters the picture, so the note works to strip it down. **the cleaner read is real revenue ex-energy at 6.4% — strong and broad, but concentrated at the top of the index, since the median company and the median non-tech company grew far less.** that gap between mega-cap strength and the typical firm is the recurring caveat behind an otherwise robust quarter.",,,
sellside-a5135b78-422c-439b-aa7c-0a7fa99166d4__line_0003,sellside-a5135b78-422c-439b-aa7c-0a7fa99166d4,3,114,"Global Markets Daily: G4 Inflation Pricing: Balanced Risks, Moderating Tails",us_macro_economy,inflation/context-analysis,- 5y5y US inflation sits close to fair value on the curve model given the spot macro picture.,- 5y5y us inflation sits close to fair value on the curve model given the spot macro picture.,,,
sellside-261f0af8-5900-4a84-a47c-a769e15b9014__line_0026,sellside-261f0af8-5900-4a84-a47c-a769e15b9014,26,114,2026 Global Rates Outlook: Disinflation Dampens Duration Risks,us_macro_economy,generic/context-analysis,"The country detail fills out the force diagram: two final Fed cuts (March, June); a BoC on hold; Bund and Swedish 10s rising to 3.25% on fiscal-driven growth; the BoE cutting to 3% (30bp below market); JGBs rangebound near 2% with long-end pressure through 1H before compression; Australia repricing toward hikes (10y ACGBs seen rallying to 4.6%) against New Zealand starting a hiking cycle, with a structural convergence trade to receive 5y5y AUD versus pay 5y5y NZD. Switzerland stays the G10's lowest-yielding market with the SNB on hold at 0%.","the country detail fills out the force diagram: two final fed cuts (march, june); a boc on hold; bund and swedish 10s rising to 3.25% on fiscal-driven growth; the boe cutting to 3% (30bp below market); jgbs rangebound near 2% with long-end pressure through 1h before compression; australia repricing toward hikes (10y acgbs seen rallying to 4.6%) against new zealand starting a hiking cycle, with a structural convergence trade to receive 5y5y aud versus pay 5y5y nzd. switzerland stays the g10's lowest-yielding market with the snb on hold at 0%.",,,
sellside-9a5c39f2-ed18-4d2d-be4d-0a487eb87b72__line_0004,sellside-9a5c39f2-ed18-4d2d-be4d-0a487eb87b72,4,115,Global Markets Daily: Drivers of and Risks to Foreign Demand for USTs (Marshall),us_macro_economy,generic/qualitative-research,- Flows show private foreign investors rotating along the curve — away from longer maturities toward the front end — rather than exiting outright.,- flows show private foreign investors rotating along the curve — away from longer maturities toward the front end — rather than exiting outright.,,,
sellside-8cecc9dc-3b4a-410a-9e16-9ee14af3f5cb__line_0001,sellside-8cecc9dc-3b4a-410a-9e16-9ee14af3f5cb,1,115,Global Markets Daily: Lowering Yield Forecasts on a More Severe Tariff Baseline (Cole/Marshall),us_macro_economy,monetary-policy/qualitative-research,"Definitive impacts. - YE25 US 2y yield forecast cut to 3.30% from 3.95%, and 10y to 4.00% from 4.35% — a bull-steepening revision.","definitive impacts. - ye25 us 2y yield forecast cut to 3.30% from 3.95%, and 10y to 4.00% from 4.35% — a bull-steepening revision.",,,
sellside-f63cc2b4-bf5d-4fb9-9c43-7eeef791020e__line_0002,sellside-f63cc2b4-bf5d-4fb9-9c43-7eeef791020e,2,115,Global Markets Daily: Decomposing 30y Yields (Cole),us_macro_economy,generic/context-analysis,- German 30y yields remain well below 2010 levels — a legacy of sovereign-crisis risk premium — but the March fiscal announcement has pushed the 2y28y forward above 3%.,- german 30y yields remain well below 2010 levels — a legacy of sovereign-crisis risk premium — but the march fiscal announcement has pushed the 2y28y forward above 3%.,,,
sellside-48e42bb9-4331-4583-94e1-e9cec4b7c5aa__line_0011,sellside-48e42bb9-4331-4583-94e1-e9cec4b7c5aa,11,116,Global Markets Daily: Making Sense of Rising Yields as the Fed Cuts (Chang),us_macro_economy,monetary-policy/qualitative-research,"- [REDACTED] argues the whole outcome hinges on whether inflation resurgence is real, and rates that risk as much milder than in the early 1980s despite market focus on sticky inflation.","- argues the whole outcome hinges on whether inflation resurgence is real, and rates that risk as much milder than in the early 1980s despite market focus on sticky inflation.",,,
sellside-094566ed-14b2-43ed-86e7-aa89ac987a3e__line_0013,sellside-094566ed-14b2-43ed-86e7-aa89ac987a3e,13,116,Global Markets Daily: Cross-Asset Implications If the Fed Eases More Quickly (Chang),us_macro_economy,monetary-policy/qualitative-research,"Unpacked. The starting point is a divergence the note's macro tools flag: since late April the market has grown more confident on growth while softening its view of the Fed's reaction function, but it has undone less of April's tighter-policy shock than of the growth shock. That leaves room for the easing narrative to run further if the data cooperates.","unpacked. the starting point is a divergence the note's macro tools flag: since late april the market has grown more confident on growth while softening its view of the fed's reaction function, but it has undone less of april's tighter-policy shock than of the growth shock. that leaves room for the easing narrative to run further if the data cooperates.",,,
sellside-627aa99f-f948-49fe-8a1e-ea702baf27c8__line_0009,sellside-627aa99f-f948-49fe-8a1e-ea702baf27c8,9,116,Global Markets Daily: No Obvious Equities-Rates “Disconnect” (Chang),us_macro_economy,generic/qualitative-research,"- The bank reads the reaction to the FOMC as supporting its thesis: investors eased on inflationary constraints after Powell characterized the tariff effect as ""one-time"" and signaled willingness to cut if the labor market weakens.","- the bank reads the reaction to the fomc as supporting its thesis: investors eased on inflationary constraints after powell characterized the tariff effect as ""one-time"" and signaled willingness to cut if the labor market weakens.",,,
sellside-dedf77a3-023d-4dc9-ad46-8bede6c4fff4__line_0016,sellside-dedf77a3-023d-4dc9-ad46-8bede6c4fff4,16,117,Global Markets Daily: Treasury Demand in 2026: Absorption Not Too Challenging,us_macro_economy,generic/qualitative-research,"- **Compressed dispersion along the curve and wider swap spreads should persist**, given stable funding and a lighter coupon-supply need for outsized levered-fund appetite.","- **compressed dispersion along the curve and wider swap spreads should persist**, given stable funding and a lighter coupon-supply need for outsized levered-fund appetite.",,,
sellside-7d3da80d-2830-4df7-9c60-eec2754c7ea3__line_0002,sellside-7d3da80d-2830-4df7-9c60-eec2754c7ea3,2,117,Global Markets Daily: Halftime Check-In For Treasury Demand,us_macro_economy,generic/context-analysis,"- Net T-bill issuance was just $143bn in 1H26 after a Q2 lull, but is set to rise to $827bn for the full year.","- net t-bill issuance was just $143bn in 1h26 after a q2 lull, but is set to rise to $827bn for the full year.",,,
sellside-ae2ec507-00d6-4452-b580-e4b56586aaaf__line_0017,sellside-ae2ec507-00d6-4452-b580-e4b56586aaaf,17,117,Global Markets Daily: Fed Communication And Term Premium,us_macro_economy,monetary-policy/qualitative-research,"The counterweight is fundamentals. Long-end yields are not judged cheap or rich versus fair value, and structural pressures — the fiscal outlook and uncertainty over AI-related financing needs — are seen keeping a floor under them. **That floor is what caps the payoff from the decaying-uncertainty channel: without a genuine change in the Fed's clarity or in the macro backdrop, compression stays limited.** The same logic frames the Treasury buyback increase — read as a willingness to lean on supply management, but likely to fade past the announcement unless the underlying macro drivers move, an analogy [REDACTED] draws explicitly to the JGB market and recent Yen intervention.","the counterweight is fundamentals. long-end yields are not judged cheap or rich versus fair value, and structural pressures — the fiscal outlook and uncertainty over ai-related financing needs — are seen keeping a floor under them. **that floor is what caps the payoff from the decaying-uncertainty channel: without a genuine change in the fed's clarity or in the macro backdrop, compression stays limited.** the same logic frames the treasury buyback increase — read as a willingness to lean on supply management, but likely to fade past the announcement unless the underlying macro drivers move, an analogy draws explicitly to the jgb market and recent yen intervention.",,,
sellside-b4330aea-658f-496f-8824-6c3a1039ecca__line_0006,sellside-b4330aea-658f-496f-8824-6c3a1039ecca,6,118,"Global Rates Trader: Low Vol, Tilting Risks",us_macro_economy,generic/context-analysis,- Canadian unemployment rose 30bp in December after a 40bp November decline; less than a full BoC hike is priced for 2026.,- canadian unemployment rose 30bp in december after a 40bp november decline; less than a full boc hike is priced for 2026.,,,
sellside-4e5a3270-551a-4a3b-9ae4-f04d0b5a65a3__line_0011,sellside-4e5a3270-551a-4a3b-9ae4-f04d0b5a65a3,11,118,Global Rates Trader: From Relief To Reality,us_macro_economy,generic/context-analysis,"- **Canada shifts to growth risks:** employment stabilized after two sharp declines but hiring stays soft and unemployment elevated; focus turns to USMCA renegotiation and Macklem's March hint the BoC would be ""talking about lower rates"" absent the war.","- **canada shifts to growth risks:** employment stabilized after two sharp declines but hiring stays soft and unemployment elevated; focus turns to usmca renegotiation and macklem's march hint the boc would be ""talking about lower rates"" absent the war.",,,
sellside-0bfa74b6-dbad-4f71-a6f5-39c30222648a__line_0008,sellside-0bfa74b6-dbad-4f71-a6f5-39c30222648a,8,118,Global Markets Analyst: G10 Rates in 2035,us_macro_economy,generic/qualitative-research,"- Canada: BoC seen cutting once more this year to a 2.25% terminal rate, with 2.75% as the likely longer-run setting.","- canada: boc seen cutting once more this year to a 2.25% terminal rate, with 2.75% as the likely longer-run setting.",,,
sellside-9538ebcc-2de7-4629-afde-6f26892cf36e__line_0014,sellside-9538ebcc-2de7-4629-afde-6f26892cf36e,14,119,US Week Ahead: September 22 – September 28,us_macro_economy,generic/release-expectations,"- Q3 activity tracking is steady: **GDP tracking +2.2% q/q ann.**, domestic final sales +1.3%, the preliminary September Current Activity Indicator at +2.1%, and the US MAP surprise index at +0.3.","- q3 activity tracking is steady: **gdp tracking +2.2% ann.**, domestic final sales +1.3%, the preliminary september current activity indicator at +2.1%, and the us map surprise index at +0.3.",,,
sellside-a79b9246-33d8-4517-8e1c-41e7d2cd444d__line_0001,sellside-a79b9246-33d8-4517-8e1c-41e7d2cd444d,1,119,US Week Ahead: December 8 – December 14,us_macro_economy,generic/context-analysis,"Landscape. - Q3 GDP tracking now at +3.5% (QoQ AR), lowered on softer PCE details that outweighed a stronger industrial production print; Q3 domestic final sales tracked at +2.6%.","landscape. - q3 gdp tracking now at +3.5% (qoq ar), lowered on softer pce details that outweighed a stronger industrial production print; q3 domestic final sales tracked at +2.6%.",,,
sellside-3686f0b7-b5f1-4fc0-b12c-72837c7e5e45__line_0017,sellside-3686f0b7-b5f1-4fc0-b12c-72837c7e5e45,17,119,US Week Ahead: March 30 – April 5,us_macro_economy,generic/context-analysis,"Secondary releases fill in the growth picture: JOLTS openings roughly flat at 7.0mn, ISM manufacturing firming to 53.0, consumer confidence expected to slip to 86.5 (below the 91.2 prior), a trade deficit narrowing to $50.0bn on gold exports, and light-vehicle sales ticking up to 16.0mn. **Together with the lowered +3.2% Q1 GDP track and a MAP surprise index at zero, the data describe an economy growing near trend with a labor market that is stabilizing but not clearly reaccelerating.**","secondary releases fill in the growth picture: jolts openings roughly flat at 7.0mn, ism manufacturing firming to 53.0, consumer confidence expected to slip to 86.5 (below the 91.2 prior), a trade deficit narrowing to $50.0bn on gold exports, and light-vehicle sales ticking up to 16.0mn. **together with the lowered +3.2% q1 gdp track and a map surprise index at zero, the data describe an economy growing near trend with a labor market that is stabilizing but not clearly reaccelerating.**",,,
sellside-120de2ab-98b2-4c5a-8e72-b711ab68572d__line_0001,sellside-120de2ab-98b2-4c5a-8e72-b711ab68572d,1,120,USA: Factory Orders in Line With Expectations,us_macro_economy,generic/post-release-comment,"Context. This is a same-day reaction to the January US factory orders report from the Department of Commerce, checking whether the data shifts the current-quarter growth picture.","context. this is a same-day reaction to the january us factory orders report from the department of commerce, checking whether the data shifts the current-quarter growth picture.",,,
sellside-5a5bf8f1-881a-4e69-a3f0-0a1ea7af872f__line_0001,sellside-5a5bf8f1-881a-4e69-a3f0-0a1ea7af872f,1,120,USA: Job Openings and Factory Orders Below Expectations; Boosting Q3 GDP Tracking Estimate to +2.7%,us_macro_economy,generic/post-release-comment,"Context. A same-day reaction to the June JOLTS and factory orders releases, both of which came in below consensus. The note weighs those soft headlines against firmer underlying details and this morning's trade balance to update Q3 growth tracking.","context. a same-day reaction to the june jolts and factory orders releases, both of which came in below consensus. the note weighs those soft headlines against firmer underlying details and this morning's trade balance to update q3 growth tracking.",,,
sellside-ef6261d7-780e-4cf1-b04f-819397d9bd2e__line_0001,sellside-ef6261d7-780e-4cf1-b04f-819397d9bd2e,1,120,USA: Factory Orders Decline in June,us_macro_economy,generic/post-release-comment,"Context. A same-day reaction to the June US factory orders release, feeding into [REDACTED]'s running GDP tracking estimates.","context. a same-day reaction to the june us factory orders release, feeding into 's running gdp tracking estimates.",,,
sellside-0a662a63-77f8-4762-a3fd-d36dc25a81de__line_0004,sellside-0a662a63-77f8-4762-a3fd-d36dc25a81de,4,121,USA: Consumer Confidence Somewhat Below Expectations,us_macro_economy,generic/post-release-comment,"Implications. - A marginally weaker signal on consumer perceptions at the start of 2025, without materially changing the level picture.","implications. - a marginally weaker signal on consumer perceptions at the start of 2025, without materially changing the level picture.",,,
sellside-7d88e0dc-0647-4d11-bd13-58fa07c7314f__line_0002,sellside-7d88e0dc-0647-4d11-bd13-58fa07c7314f,2,121,USA: Job Openings Decline by Slightly More Than Expected in June; Consumer Confidence Slightly Above Expectations,us_macro_economy,generic/qualitative-research,- The June decline was concentrated in leisure and hospitality (-264k) and private education and health services (-255k).,- the june decline was concentrated in leisure and hospitality (-264k) and private education and health services (-255k).,,,
sellside-8618468c-e921-4ba8-bc10-faaf997c0c37__line_0004,sellside-8618468c-e921-4ba8-bc10-faaf997c0c37,4,121,USA: Consumer Confidence Well Above Expectations; Inflation Expectations Decline,us_macro_economy,generic/post-release-comment,- **Short-term inflation expectations fell.** The survey's 12-month-ahead inflation expectation declined 0.5pp to 6.5%.,- **short-term inflation expectations fell.** the survey's 12-month-ahead inflation expectation declined 0.5pp to 6.5%.,,,
sellside-c146f884-39c9-477f-968e-d5e789c72d7c__line_0015,sellside-c146f884-39c9-477f-968e-d5e789c72d7c,15,122,"US Economics Analyst: Mid-Year Housing Outlook: Slowing Construction and Price Growth, Not Just for Multifamily (Walker)",us_macro_economy,generic/context-analysis,"- The pace and composition of immigration is a key swing factor the analyst flags — the household-formation drag is moderate because the immigration decline is concentrated in unauthorized flows, and recent immigrants are about one-third less likely to form households than the native-born.","- the pace and composition of immigration is a key swing factor the analyst flags — the household-formation drag is moderate because the immigration decline is concentrated in unauthorized flows, and recent immigrants are about one-third less likely to form households than the native-born.",,,
sellside-ce7eda8c-0b7b-404e-baad-a4ffeaeb63ea__line_0005,sellside-ce7eda8c-0b7b-404e-baad-a4ffeaeb63ea,5,122,US Economics Analyst: Mid-Year Housing Outlook: Stabilizing but Subdued,us_macro_economy,generic/context-analysis,- The multifamily under-construction backlog has fallen 33% from its peak but remains 9% above 2019.,- the multifamily under-construction backlog has fallen 33% from its peak but remains 9% above 2019.,,,
sellside-b0111103-13ea-4e02-9e62-a2ab11781c4d__line_0018,sellside-b0111103-13ea-4e02-9e62-a2ab11781c4d,18,122,US Economics Analyst: 10 Questions for 2026,us_macro_economy,generic/context-analysis,"**Housing stays the laggard, and the note pushes back on the intuition that a national shortage should spark a single-family rebound.** Even with a genuine shortage and policymaker interest in affordability, higher vacancy where building rose most, the weakest household formation in years on collapsed immigration, prices high relative to income against high mortgage rates, and entrenched labor and land-use constraints all cap new construction. Rate strategists expect long-term yields to hold roughly stable, since the two Fed cuts are already priced and builder teaser-rate discounts have likely run their course.","**housing stays the laggard, and the note pushes back on the intuition that a national shortage should spark a single-family rebound.** even with a genuine shortage and policymaker interest in affordability, higher vacancy where building rose most, the weakest household formation in years on collapsed immigration, prices high relative to income against high mortgage rates, and entrenched labor and land-use constraints all cap new construction. rate strategists expect long-term yields to hold roughly stable, since the two fed cuts are already priced and builder teaser-rate discounts have likely run their course.",,,
sellside-5927abbc-170a-4c4f-ba62-0ae1e01641eb__line_0008,sellside-5927abbc-170a-4c4f-ba62-0ae1e01641eb,8,123,Global Rates Trader: Watching the News,us_macro_economy,monetary-policy/context-analysis,- Sweden: front end rallied on a HICP miss after last week's 25bp Riksbank cut; [REDACTED] expects two more cuts in 1H25.,- sweden: front end rallied on a hicp miss after last week's 25bp riksbank cut; expects two more cuts in 1h25.,,,
sellside-10e64ce3-1e6b-4311-bc76-67b9b222a5a1__line_0013,sellside-10e64ce3-1e6b-4311-bc76-67b9b222a5a1,13,123,Global Rates Trader: Less Room To Rally,us_macro_economy,monetary-policy/context-analysis,"- **Scandies:** stronger growth delays Norges Bank's first cut to September; Riksbank still seen cutting twice, below market pricing.","- **scandies:** stronger growth delays norges bank's first cut to september; riksbank still seen cutting twice, below market pricing.",,,
sellside-30dcc3a9-bb1d-4edc-b547-fe2a01b3bf8f__line_0021,sellside-30dcc3a9-bb1d-4edc-b547-fe2a01b3bf8f,21,123,"Global Rates Trader: Tariff Delay, Limited Relief",us_macro_economy,monetary-policy/context-analysis,"The Nordics illustrate the divergence in front-end shapes: contained hike risk and inflation-undershoot concern keep the SEK front-end flat with two more Riksbank cuts expected, while Norges Bank's gradualism has left NOK deeply inverted and skewed toward a steeper 1y1y vs 1y and 2s10s if the cutting path accelerates.","the nordics illustrate the divergence in front-end shapes: contained hike risk and inflation-undershoot concern keep the sek front-end flat with two more riksbank cuts expected, while norges bank's gradualism has left nok deeply inverted and skewed toward a steeper 1y1y vs 1y and 2s10s if the cutting path accelerates.",,,
sellside-07cebd89-9511-4a19-9514-daa90b3ba952__line_0002,sellside-07cebd89-9511-4a19-9514-daa90b3ba952,2,124,US Week Ahead: December 22 - December 28,us_macro_economy,generic/context-analysis,"- Preliminary December Current Activity Indicator sits at +1.8%, easing from +2.0% in November.","- preliminary december current activity indicator sits at +1.8%, easing from +2.0% in november.",,,
sellside-479e951b-7cbd-4595-9c32-e391bc9e1962__line_0002,sellside-479e951b-7cbd-4595-9c32-e391bc9e1962,2,124,US Week Ahead: August 3 - August 9,us_macro_economy,generic/context-analysis,"- Preliminary July Current Activity Indicator at +3.9%, up from +3.0% in June.","- preliminary july current activity indicator at +3.9%, up from +3.0% in june.",,,
sellside-2920f1b7-5be8-4e4f-aa07-88eea2cd3f5c__line_0016,sellside-2920f1b7-5be8-4e4f-aa07-88eea2cd3f5c,16,124,US Week Ahead: February 16 – February 22,us_macro_economy,generic/release-expectations,**Tracking**,**tracking**,,,
sellside-dfaef4bf-3a53-432c-b4a7-18c0c532f2ac__line_0010,sellside-dfaef4bf-3a53-432c-b4a7-18c0c532f2ac,10,125,US Economics Weekly Update 3/12/2026,us_macro_economy,generic/context-analysis,- Labor demand is still weakening — job openings continue to fall and job growth sits below breakeven — but stabilization is expected later this year; AI-related gross job losses remain modest and are offset by AI-related gains.,- labor demand is still weakening — job openings continue to fall and job growth sits below breakeven — but stabilization is expected later this year; ai-related gross job losses remain modest and are offset by ai-related gains.,,,
sellside-29336f2a-c235-4a1c-bba1-a3caf6daa8e2__line_0016,sellside-29336f2a-c235-4a1c-bba1-a3caf6daa8e2,16,125,US Economics Weekly Update 9/23/2025,us_macro_economy,generic/context-analysis,"Against that, labor supply is fading. Lower immigration and an aging population slow labor force growth to a contribution of just over 0.3pp to potential GDP, down from 0.8pp since 2019 and 0.6pp in 2007–2019. Summing productivity and labor force growth, potential GDP is put at 2.1% for 2025–2029 and 2.3% in the early 2030s.","against that, labor supply is fading. lower immigration and an aging population slow labor force growth to a contribution of just over 0.3pp to potential gdp, down from 0.8pp since 2019 and 0.6pp in 2007–2019. summing productivity and labor force growth, potential gdp is put at 2.1% for 2025–2029 and 2.3% in the early 2030s.",,,
sellside-014adeeb-2554-4996-910f-518188f5ada5__line_0001,sellside-014adeeb-2554-4996-910f-518188f5ada5,1,125,US Economics Weekly Update: 1/13/2025,us_macro_economy,monetary-policy/context-analysis,"Landscape. - December payrolls rose 256k, with trend job growth estimated at 192k per month, and the unemployment rate pulled back 0.15pp to 4.09%.","landscape. - december payrolls rose 256k, with trend job growth estimated at 192k per month, and the unemployment rate pulled back 0.15pp to 4.09%.",,,
sellside-a70e6af1-5238-40e7-920c-8b82a88ccb6c__line_0004,sellside-a70e6af1-5238-40e7-920c-8b82a88ccb6c,4,126,USA: Durable Goods Orders Above Expectations but Core Capital Goods Orders Miss,us_macro_economy,generic/post-release-comment,"- **January was revised modestly higher across the board.** Prior-month growth was revised up by 0.1pp each for durable goods orders (to +3.3%), ex-transport orders (+0.1%), core capital goods orders (+0.9%), and core capital goods shipments (-0.2%).","- **january was revised modestly higher across the board.** prior-month growth was revised up by 0.1pp each for durable goods orders (to +3.3%), ex-transport orders (+0.1%), core capital goods orders (+0.9%), and core capital goods shipments (-0.2%).",,,
sellside-4cb337fc-0b76-4603-9263-a83aa60d2424__line_0016,sellside-4cb337fc-0b76-4603-9263-a83aa60d2424,16,126,USA: Core PCE in Line With Expectations; Q1 GDP Revised Up to +2.1% on Lower Imports and Higher Inventories; Core Durable Goods Orders Above Expectations; Lowering Q2 GDP Tracking Estimate to +2.4%,us_macro_economy,generic/context-analysis,"**On the industrial side, core orders surprised to the upside and reinforce the read of firm capex, despite the 4.5% drop in the durables headline.** That decline was concentrated in commercial aircraft, following a strong April gain — noise, not trend. Core capital goods rose 1.6% and had April revised up, even though shipments (+0.3%) came in below expectations.","**on the industrial side, core orders surprised to the upside and reinforce the read of firm capex, despite the 4.5% drop in the durables headline.** that decline was concentrated in commercial aircraft, following a strong april gain — noise, not trend. core capital goods rose 1.6% and had april revised up, even though shipments (+0.3%) came in below expectations.",,,
sellside-1f29b80a-71b2-4c18-a1c5-8f0cf540221b__line_0006,sellside-1f29b80a-71b2-4c18-a1c5-8f0cf540221b,6,126,USA: Durable Goods Orders Decline by Less Than Expected; Boosting Q2 GDP Tracking to +2.3%,us_macro_economy,generic/qualitative-research,"Opinative impacts. - [REDACTED] raised its Q2 GDP tracking estimate by 0.2pp to +2.3% (QoQ annualized), citing firmer-than-assumed shipments of core goods, computers, and aircraft.","opinative impacts. - raised its q2 gdp tracking estimate by 0.2pp to +2.3% (qoq annualized), citing firmer-than-assumed shipments of core goods, computers, and aircraft.",,,
sellside-4cb337fc-0b76-4603-9263-a83aa60d2424__line_0008,sellside-4cb337fc-0b76-4603-9263-a83aa60d2424,8,127,USA: Core PCE in Line With Expectations; Q1 GDP Revised Up to +2.1% on Lower Imports and Higher Inventories; Core Durable Goods Orders Above Expectations; Lowering Q2 GDP Tracking Estimate to +2.4%,us_macro_economy,generic/context-analysis,"Drivers. - Q1 GDP composition shifted axis: imports revised down by 9.3pp (+11.8%) lifted net trade's contribution by 0.9pp, with another 0.1pp from inventories — a gain offset by weaker consumption.","drivers. - q1 gdp composition shifted axis: imports revised down by 9.3pp (+11.8%) lifted net trade's contribution by 0.9pp, with another 0.1pp from inventories — a gain offset by weaker consumption.",,,
sellside-7e525da0-8fc3-4c8f-a9f6-08901be02365__line_0008,sellside-7e525da0-8fc3-4c8f-a9f6-08901be02365,8,127,USA: Q3 GDP Revised Up Slightly to +4.4%; Initial Claims Somewhat Below Expectations,us_macro_economy,generic/qualitative-research,"Backdrop. The GDP third estimate is the final revision to the quarterly national accounts, incorporating more complete source data on components such as trade, inventories and investment. Weekly jobless claims are among the most timely indicators of labor-market conditions; initial claims proxy new layoffs and continuing claims track the stock of workers on standard benefit programs. [REDACTED] tracks incoming data against its own forecasts and consensus through its US MAP scoring (here: initial claims 0, continuing claims +1).","backdrop. the gdp third estimate is the final revision to the quarterly national accounts, incorporating more complete source data on components such as trade, inventories and investment. weekly jobless claims are among the most timely indicators of labor-market conditions; initial claims proxy new layoffs and continuing claims track the stock of workers on standard benefit programs. tracks incoming data against its own forecasts and consensus through its us map scoring (here: initial claims 0, continuing claims +1).",,,
sellside-4a3a9113-eacc-4647-a0a6-cf4049243b27__line_0006,sellside-4a3a9113-eacc-4647-a0a6-cf4049243b27,6,127,USA: Core PCE in Line With Expectations; Goods Trade Deficit Widens; Lowering Q3 GDP Tracking to 1.6%,us_macro_economy,inflation/post-release-comment,"Implications. - Inflation offers no new obstacle to the Fed's path — the print landed on consensus, though the firmer services core and management-fee spike bear watching.","implications. - inflation offers no new obstacle to the fed's path — the print landed on consensus, though the firmer services core and management-fee spike bear watching.",,,
sellside-fde6c316-3698-442c-aff7-44acaec4b729__line_0001,sellside-fde6c316-3698-442c-aff7-44acaec4b729,1,128,USA: March PPI Increases by Less Than Expected but PCE-Relevant Components Above Expectations; Estimating 0.27% for March Core PCE,us_macro_economy,inflation/post-release-comment,"Context. A same-day reaction to the March PPI release, which came in well below consensus on every headline aggregate. The note works past that soft surface to the components that actually flow into the PCE price index, which the Fed watches most closely.","context. a same-day reaction to the march ppi release, which came in well below consensus on every headline aggregate. the note works past that soft surface to the components that actually flow into the pce price index, which the fed watches most closely.",,,
sellside-f3061826-4114-4b49-997c-a1afc033ec64__line_0004,sellside-f3061826-4114-4b49-997c-a1afc033ec64,4,128,USA: Producer Price Index Rise by More Than Expected in December,us_macro_economy,inflation/post-release-comment,"- **The net result leaves the PCE estimate unchanged.** Pulling CPI and PPI details together, core PCE is estimated to have risen 0.37% in December — exactly the pre-PPI expectation — for a 2.98% year-over-year rate. Headline PCE is put at 0.37% month-over-month and 2.87% year-over-year, with market-based core PCE at 0.35%. The upside PPI surprise, in other words, does not translate into a hotter core inflation read.","- **the net result leaves the pce estimate unchanged.** pulling cpi and ppi details together, core pce is estimated to have risen 0.37% in december — exactly the pre-ppi expectation — for a 2.98% year-over-year rate. headline pce is put at 0.37% month-over-month and 2.87% year-over-year, with market-based core pce at 0.35%. the upside ppi surprise, in other words, does not translate into a hotter core inflation read.",,,
sellside-7a19ba14-ba57-48aa-aa72-c21e3dd74a5a__line_0003,sellside-7a19ba14-ba57-48aa-aa72-c21e3dd74a5a,3,128,USA: PPI Below Expectations; Estimating 0.08% for March Core PCE,us_macro_economy,inflation/post-release-comment,"- **The PPI components that feed directly into core PCE were soft.** Passenger airfares fell 4.0% on the month (seasonally adjusted by [REDACTED]), while portfolio management prices rose only 0.2%. The medical care categories relevant for PCE were also weak — combining CPI, PPI, and interim PPI data, the note estimates a 0.06% decline in the PCE medical care services category for March.","- **the ppi components that feed directly into core pce were soft.** passenger airfares fell 4.0% on the month (seasonally adjusted by ), while portfolio management prices rose only 0.2%. the medical care categories relevant for pce were also weak — combining cpi, ppi, and interim ppi data, the note estimates a 0.06% decline in the pce medical care services category for march.",,,
sellside-e8248a37-b5e3-4c99-a881-7acb94f72f4b__line_0006,sellside-e8248a37-b5e3-4c99-a881-7acb94f72f4b,6,129,USA: CPI Below Expectations; Estimating +0.18% for May Core PCE,us_macro_economy,inflation/post-release-comment,"Implications. - A softer core, easing shelter and only marginal tariff pass-through together point to a more benign inflation trajectory than feared, supporting a less hawkish policy read.","implications. - a softer core, easing shelter and only marginal tariff pass-through together point to a more benign inflation trajectory than feared, supporting a less hawkish policy read.",,,
sellside-1889dc11-a822-4cde-8b4c-a5958775fec7__line_0006,sellside-1889dc11-a822-4cde-8b4c-a5958775fec7,6,129,USA: Core CPI Above Expectations; Estimating 0.30% for April Core PCE,us_macro_economy,inflation/qualitative-research,"- Software and accessories rose about 5% MoM; negligible for core CPI but, given their larger PCE weight, mechanically adds ~0.05pp to MoM core PCE and ~0.17pp to YoY core PCE.","- software and accessories rose about 5% mom; negligible for core cpi but, given their larger pce weight, mechanically adds ~0.05pp to mom core pce and ~0.17pp to yoy core pce.",,,
sellside-6ef9e3a1-4ede-49f3-a16c-99a6886cc1c1__line_0007,sellside-6ef9e3a1-4ede-49f3-a16c-99a6886cc1c1,7,129,USA: Core CPI Below Expectations; Estimating 0.18% for June Core PCE,us_macro_economy,inflation/post-release-comment,- The CPI-to-PCE composition differences matter for read-through — a soft core CPI does not translate one-for-one into core PCE given differing weights and source data.,- the cpi-to-pce composition differences matter for read-through — a soft core cpi does not translate one-for-one into core pce given differing weights and source data.,,,
sellside-485b5fbf-6d5f-4b9e-8410-3d9d5c3a52e4__line_0006,sellside-485b5fbf-6d5f-4b9e-8410-3d9d5c3a52e4,6,130,US Economics Analyst: The End of the Immigration Surge (Peng / Mericle / Phillips),us_macro_economy,generic/qualitative-research,"- Unauthorized immigrants make up 4–5% of the total US workforce and 15–20% in crop production, food processing, and construction; the median unauthorized worker earns ~20% less than other non-supervisory workers in the same industry.","- unauthorized immigrants make up 4–5% of the total us workforce and 15–20% in crop production, food processing, and construction; the median unauthorized worker earns ~20% less than other non-supervisory workers in the same industry.",,,
sellside-9bad1900-0819-44f8-95c8-4a74363052c2__line_0012,sellside-9bad1900-0819-44f8-95c8-4a74363052c2,12,130,US Economics Analyst: Slower Job Growth Makes the Case for a Cut (Mericle / Rindels),us_macro_economy,monetary-policy/qualitative-research,"- **Even modest further softening would be concerning**, [REDACTED] contends, because the labor market is already near the limit of ""maximum employment"" and the low-hire, low-fire regime risks locking out the unemployed and new graduates.","- **even modest further softening would be concerning**, contends, because the labor market is already near the limit of ""maximum employment"" and the low-hire, low-fire regime risks locking out the unemployed and new graduates.",,,
sellside-d056f72d-51b8-42ff-8d34-d943f6ce3851__line_0008,sellside-d056f72d-51b8-42ff-8d34-d943f6ce3851,8,130,"US Economics Analyst: The Impact of Uncertainty on Investment, Hiring, and Consumer Spending (Rindels / Abecasis / Mericle)",us_macro_economy,generic/quantitative-research,"- Through March, the projected spillovers beyond direct federal cuts had not yet appeared in the hard payrolls data — but that data predates the reciprocal-tariff spike.","- through march, the projected spillovers beyond direct federal cuts had not yet appeared in the hard payrolls data — but that data predates the reciprocal-tariff spike.",,,
sellside-d38eb2cb-d113-4d21-8afb-0fce3148a9ad__line_0001,sellside-d38eb2cb-d113-4d21-8afb-0fce3148a9ad,1,131,US Economics Analyst: What Have We Learned About Tariff Passthrough to Consumer Prices So Far? (Peng),us_macro_economy,generic/qualitative-research,"Definitive impacts. - Effective US tariff rate up 7.2pp as of May per customs-duty revenue — below the ~9pp implied by announced statutory rates, with the gap reflecting shipping lags, deferred customs payments, and import frontloading.","definitive impacts. - effective us tariff rate up 7.2pp as of may per customs-duty revenue — below the ~9pp implied by announced statutory rates, with the gap reflecting shipping lags, deferred customs payments, and import frontloading.",,,
sellside-8a54906f-f530-483d-a126-0fdf5e19a2b9__line_0005,sellside-8a54906f-f530-483d-a126-0fdf5e19a2b9,5,131,US Economics Analyst: The Coming Inflation Boost: The Impact of Tariffs on Consumer Prices (Walker/Peng),us_macro_economy,inflation/quantitative-research,"- Consumer electronics and apparel are most exposed, with imports near 40% of category consumption and effective tariff rates rising 20-30pp; core goods inflation is forecast to jump from 0.4% (March) to 6.3% by December 2025.","- consumer electronics and apparel are most exposed, with imports near 40% of category consumption and effective tariff rates rising 20-30pp; core goods inflation is forecast to jump from 0.4% (march) to 6.3% by december 2025.",,,
sellside-55a821e0-658f-4dc8-bcff-be92c7c6293d__line_0008,sellside-55a821e0-658f-4dc8-bcff-be92c7c6293d,8,131,US Economics Analyst: Rethinking Tariffs (Phillips / Mericle / Peng),us_macro_economy,generic/qualitative-research,"- [REDACTED] holds its Fed call of cuts in June and December 2025 and one more in 2026 to a 3.5–3.75% terminal rate, but says the larger tariffs make a 2025 cut an even closer call.","- holds its fed call of cuts in june and december 2025 and one more in 2026 to a 3.5–3.75% terminal rate, but says the larger tariffs make a 2025 cut an even closer call.",,,
sellside-b4608767-596f-460e-8ab7-f03005ea8037__line_0021,sellside-b4608767-596f-460e-8ab7-f03005ea8037,21,132,US Economics Analyst: Services Inflation: Are We Still on Track? (Peng),us_macro_economy,inflation/qualitative-research,"On the disinflating side, the housing story is the linchpin. **The catch-up of official shelter to market rents is now declared fully exhausted, which removes the mechanical drag that kept the year-on-year rate elevated and clears the way for softening new-lease rents to pass through.** Reduced immigration and heavy multifamily supply do double duty here — cooling demand while rental vacancies rise — and the same immigration slowdown is pre-empted as a wage risk, on the argument that labor supply shocks matter far less when the market is already balanced.","on the disinflating side, the housing story is the linchpin. **the catch-up of official shelter to market rents is now declared fully exhausted, which removes the mechanical drag that kept the year-on-year rate elevated and clears the way for softening new-lease rents to pass through.** reduced immigration and heavy multifamily supply do double duty here — cooling demand while rental vacancies rise — and the same immigration slowdown is pre-empted as a wage risk, on the argument that labor supply shocks matter far less when the market is already balanced.",,,
sellside-4442ec10-e8ad-4724-bdda-6336a771c439__line_0010,sellside-4442ec10-e8ad-4724-bdda-6336a771c439,10,132,US Economics Analyst: Early Steps Toward Labor Market Stabilization,us_macro_economy,generic/context-analysis,- Job openings are still trending lower and need to stabilize for demand to look healthy; the Beveridge curve implies further declines could raise unemployment more materially than so far.,- job openings are still trending lower and need to stabilize for demand to look healthy; the beveridge curve implies further declines could raise unemployment more materially than so far.,,,
sellside-2f21d49b-9701-4e0a-9e6e-2ff9ef7c1db1__line_0008,sellside-2f21d49b-9701-4e0a-9e6e-2ff9ef7c1db1,8,132,US Economics Analyst: 2026 Inflation Outlook: Traveling Toward Target,us_macro_economy,inflation/qualitative-research,"Opinative impacts. - [REDACTED] sees disinflation resuming in 2026 on three grounds: a fading tariff boost, soft shelter inflation, and a cooler labor market with wage growth already at target-consistent levels.","opinative impacts. - sees disinflation resuming in 2026 on three grounds: a fading tariff boost, soft shelter inflation, and a cooler labor market with wage growth already at target-consistent levels.",,,
sellside-ea28e4de-e9a6-4d40-bfad-21aab1b91f88__line_0005,sellside-ea28e4de-e9a6-4d40-bfad-21aab1b91f88,5,133,US Week Ahead: March 3 - March 9,us_macro_economy,generic/release-expectations,"- **52.5** ISM services index, February, edging down (consensus 52.7, last 52.8).","- **52.5** ism services index, february, edging down (consensus 52.7, last 52.8).",,,
sellside-a37708ee-be20-4758-81ad-3b545bf778df__line_0003,sellside-a37708ee-be20-4758-81ad-3b545bf778df,3,133,US Week Ahead: August 4 – August 10,us_macro_economy,generic/context-analysis,"- ISM services last printed 50.8, just above the contraction line, with [REDACTED] looking for 52.0 in July.","- ism services last printed 50.8, just above the contraction line, with looking for 52.0 in july.",,,
sellside-c778e04c-659e-4c16-a74f-aa2e55ba154d__line_0004,sellside-c778e04c-659e-4c16-a74f-aa2e55ba154d,4,133,US Week Ahead: January 6 - January 12,us_macro_economy,generic/context-analysis,- ISM services last printed 52.1 (November); the non-manufacturing survey tracker sits at 55.5.,- ism services last printed 52.1 (november); the non-manufacturing survey tracker sits at 55.5.,,,
sellside-c6da594c-8aef-4c34-88a4-68ac344506cf__line_0006,sellside-c6da594c-8aef-4c34-88a4-68ac344506cf,6,134,US Week Ahead: November 24 – November 30,us_macro_economy,generic/release-expectations,"- **+0.1% m/m** core capital goods orders, September preliminary ([REDACTED]; consensus +0.3%; last +0.6%), with better survey new-orders offset by payback from August.","- **+0.1% ** core capital goods orders, september preliminary ( ; consensus +0.3%; last +0.6%), with better survey new-orders offset by payback from august.",,,
sellside-07efb9d2-2427-4bf5-b364-e934e9d150e3__line_0013,sellside-07efb9d2-2427-4bf5-b364-e934e9d150e3,13,134,US Week Ahead: US Week Ahead: June 22 – June 28,us_macro_economy,generic/context-analysis,"On the activity side, S&P Global's preliminary June PMIs (Tuesday) should show manufacturing slightly slowing (54.6 versus 55.1) and services ticking up slightly (51.0 versus 50.7). **May durable goods orders should fall 3%, pulled down by commercial aircraft, while core capital goods — orders and shipments — continue to post a modest gain of +0.3%, indicating underlying investment is still advancing.** On Friday, the goods trade balance should widen to a deficit of $84bn, with a $16bn drop in gold exports partially offset by energy.","on the activity side, s&p global's preliminary june pmis (tuesday) should show manufacturing slightly slowing (54.6 versus 55.1) and services ticking up slightly (51.0 versus 50.7). **may durable goods orders should fall 3%, pulled down by commercial aircraft, while core capital goods — orders and shipments — continue to post a modest gain of +0.3%, indicating underlying investment is still advancing.** on friday, the goods trade balance should widen to a deficit of $84bn, with a $16bn drop in gold exports partially offset by energy.",,,
sellside-45b744c4-5861-4737-b30f-6106e4cc8ed7__line_0006,sellside-45b744c4-5861-4737-b30f-6106e4cc8ed7,6,134,US Week Ahead: January 26 – February 1,us_macro_economy,generic/context-analysis,- Commercial aircraft orders drive an estimated +5.0% rebound in November durable goods orders (vs -2.2% prior); core capital goods orders and shipments seen at +0.3% and +0.4%.,- commercial aircraft orders drive an estimated +5.0% rebound in november durable goods orders (vs -2.2% prior); core capital goods orders and shipments seen at +0.3% and +0.4%.,,,
sellside-2d22d868-581f-4a90-a2b9-1da270135d49__line_0022,sellside-2d22d868-581f-4a90-a2b9-1da270135d49,22,135,Global FX Trader: The Stall Before the Fall,us_macro_economy,generic/context-analysis,"CAD forecasts are revised weaker to 1.38, 1.37, and 1.36 (from 1.35, 1.34, 1.32), reflecting a softer domestic backdrop that has moved USD/CAD against the prior 3-month call. **Low volatility and underperformance make CAD an attractive funder or tactical short versus AUD and NZD**, though it should still benefit modestly from broader Dollar weakness longer term. Tuesday's August inflation report is flagged as a risk to next week's BoC decision.","cad forecasts are revised weaker to 1.38, 1.37, and 1.36 (from 1.35, 1.34, 1.32), reflecting a softer domestic backdrop that has moved usd/cad against the prior 3-month call. **low volatility and underperformance make cad an attractive funder or tactical short versus aud and nzd**, though it should still benefit modestly from broader dollar weakness longer term. tuesday's august inflation report is flagged as a risk to next week's boc decision.",,,
sellside-d930f20f-80d1-4485-8783-579f940a6c77__line_0019,sellside-d930f20f-80d1-4485-8783-579f940a6c77,19,135,Global FX Trader: Drawbacks of the Clawbacks,us_macro_economy,generic/context-analysis,"- **Downside (CAD):** Difficult budget process, weaker growth, and US knock-on effects could force the BoC to ease more than it prefers; risk skew stays bearish but slightly less so.","- **downside (cad):** difficult budget process, weaker growth, and us knock-on effects could force the boc to ease more than it prefers; risk skew stays bearish but slightly less so.",,,
sellside-77008c96-722f-4b2a-a5e8-c99fbda8ff23__line_0002,sellside-77008c96-722f-4b2a-a5e8-c99fbda8ff23,2,135,Global FX Trader: Tactics and Strategy,us_macro_economy,generic/context-analysis,"- CAD is the best-performing G10 currency versus the Dollar since the conflict began, lifted directly by higher oil.","- cad is the best-performing g10 currency versus the dollar since the conflict began, lifted directly by higher oil.",,,
sellside-d75b29e9-809b-4afd-a8fa-62b28290b75c__line_0012,sellside-d75b29e9-809b-4afd-a8fa-62b28290b75c,12,136,Global Rates Trader: Balanced Risks,us_macro_economy,monetary-policy/context-analysis,"- In Japan, long-end underperformance now mainly reflects macro/inflation risk premium rather than supply imbalances, though episodic bursts of long-end and swap-spread volatility show the demand picture (lifer appetite) remains fragile (Exhibit 6).","- in japan, long-end underperformance now mainly reflects macro/inflation risk premium rather than supply imbalances, though episodic bursts of long-end and swap-spread volatility show the demand picture (lifer appetite) remains fragile (exhibit 6).",,,
sellside-62635e75-9b5d-451d-b3e9-ff73e694e30e__line_0005,sellside-62635e75-9b5d-451d-b3e9-ff73e694e30e,5,136,Global Rates Trader: Aftershocks,us_macro_economy,generic/context-analysis,"- JGB belly rates (relative to the curve) have richened to levels last seen in the negative-rates era, with 1y/1y1y forwards pricing just 5bp of further BOJ hikes.","- jgb belly rates (relative to the curve) have richened to levels last seen in the negative-rates era, with 1y/1y1y forwards pricing just 5bp of further boj hikes.",,,
sellside-95a690ef-41f9-48be-be9a-e061ef5bf7ab__line_0017,sellside-95a690ef-41f9-48be-be9a-e061ef5bf7ab,17,136,Global Rates Trader: Twist And Shout,us_macro_economy,monetary-policy/context-analysis,"- Downside (JGB long end): a benign election outcome (coalition retains power or pairs with a less-fiscally-expansionary partner) leaves richly-premium'd long-end JGBs vulnerable to flattening, per the analyst.","- downside (jgb long end): a benign election outcome (coalition retains power or pairs with a less-fiscally-expansionary partner) leaves richly-premium'd long-end jgbs vulnerable to flattening, per the analyst.",,,
sellside-66b01679-3a91-49e6-80dd-aa87788bd887__line_0015,sellside-66b01679-3a91-49e6-80dd-aa87788bd887,15,137,Global Rates Trader: Supply Risks Return,us_macro_economy,monetary-policy/qualitative-research,"- [REDACTED] sees AUD risk as hawkish near-term (front-end skewed bearish, March hike underpriced) but dovish medium-term: further-dated forwards sit above the economists' terminal view and look too cheap, with normalization cuts expected in 2027.","- sees aud risk as hawkish near-term (front-end skewed bearish, march hike underpriced) but dovish medium-term: further-dated forwards sit above the economists' terminal view and look too cheap, with normalization cuts expected in 2027.",,,
sellside-5d6fb18b-7667-49d1-8551-2afe7679d1a6__line_0008,sellside-5d6fb18b-7667-49d1-8551-2afe7679d1a6,8,137,Global Rates Trader: Paradigm Lost,us_macro_economy,monetary-policy/context-analysis,"- Australia's Q2 trimmed-mean CPI came at +0.8% qoq, 0.2pp below the RBA's forecast — a second consecutive downside surprise.","- australia's q2 trimmed-mean cpi came at +0.8% qoq, 0.2pp below the rba's forecast — a second consecutive downside surprise.",,,
sellside-4e5a3270-551a-4a3b-9ae4-f04d0b5a65a3__line_0006,sellside-4e5a3270-551a-4a3b-9ae4-f04d0b5a65a3,6,137,Global Rates Trader: From Relief To Reality,us_macro_economy,generic/context-analysis,"- Markets price the most G10 hikes for the RBNZ through 2027 — about six hikes by H2 2027, roughly 80bp above the RBNZ's estimated neutral rate.","- markets price the most g10 hikes for the rbnz through 2027 — about six hikes by h2 2027, roughly 80bp above the rbnz's estimated neutral rate.",,,
sellside-a53a8d7a-c97c-493d-a103-d45f40f5785d__line_0009,sellside-a53a8d7a-c97c-493d-a103-d45f40f5785d,9,138,US Economics Weekly Update 9/15/2025,us_macro_economy,monetary-policy/context-analysis,"- GDP support comes from an expected rebound in inventory accumulation after the Q2 import-frontloading drawdown, plus a narrowing trade deficit as tariffs cut imports while exports hold up on dollar depreciation and limited foreign retaliation.","- gdp support comes from an expected rebound in inventory accumulation after the q2 import-frontloading drawdown, plus a narrowing trade deficit as tariffs cut imports while exports hold up on dollar depreciation and limited foreign retaliation.",,,
sellside-7c68c290-96b8-470a-b869-202a13b3ef09__line_0011,sellside-7c68c290-96b8-470a-b869-202a13b3ef09,11,138,US Economics Weekly Update 5/19/2025,us_macro_economy,generic/context-analysis,- **Import frontloading running out:** large swings in ocean freight indicate front-loaded purchasing that should give way to a sharp drop in imports in coming quarters.,- **import frontloading running out:** large swings in ocean freight indicate front-loaded purchasing that should give way to a sharp drop in imports in coming quarters.,,,
sellside-c631054c-1973-49b5-865e-a88365b00407__line_0007,sellside-c631054c-1973-49b5-865e-a88365b00407,7,138,US Economics Weekly Update 6/15/2026,us_macro_economy,monetary-policy/release-expectations,- **Q2 GDP tracking raised to 2.4%**; industrial production +0.1% (business equipment +0.6%); existing home sales +3.2% in May.,- **q2 gdp tracking raised to 2.4%**; industrial production +0.1% (business equipment +0.6%); existing home sales +3.2% in may.,,,
sellside-fdc1bee2-4454-4a46-a51d-089a8fd45669__line_0006,sellside-fdc1bee2-4454-4a46-a51d-089a8fd45669,6,139,US Economics Weekly Update 12/15/2025,us_macro_economy,generic/release-expectations,"- **Unchanged (0.0%)** headline retail sales (vs. +0.1% consensus), held down by lower auto sales and gasoline prices.","- **unchanged (0.0%)** headline retail sales (vs. +0.1% consensus), held down by lower auto sales and gasoline prices.",,,
sellside-b8a0a87d-8681-4e3f-9550-9cc2e3687d66__line_0005,sellside-b8a0a87d-8681-4e3f-9550-9cc2e3687d66,5,139,US Economics Weekly Update 12/1/2025,us_macro_economy,generic/context-analysis,"- Composite survey trackers rose in November for both manufacturing (+1.6pt to 53.2) and nonmanufacturing (+0.2pt to 52.4); employment components also rose but stayed low (manufacturing 50.4, services 47.2).","- composite survey trackers rose in november for both manufacturing (+1.6pt to 53.2) and nonmanufacturing (+0.2pt to 52.4); employment components also rose but stayed low (manufacturing 50.4, services 47.2).",,,
sellside-4e44cd25-d0ce-4a0c-a3ec-f434e46f7dcf__line_0004,sellside-4e44cd25-d0ce-4a0c-a3ec-f434e46f7dcf,4,139,US Economics Weekly Update 7/13/2026,us_macro_economy,monetary-policy/context-analysis,- Core retail sales forecast +0.4% m/m (vs. +0.5% consensus); headline retail sales just +0.1% (vs. +0.3% consensus) on falling gasoline prices.,- core retail sales forecast +0.4% (vs. +0.5% consensus); headline retail sales just +0.1% (vs. +0.3% consensus) on falling gasoline prices.,,,
sellside-e5b38568-0ca2-43b0-baa4-9d96487a5c7b__line_0002,sellside-e5b38568-0ca2-43b0-baa4-9d96487a5c7b,2,140,US Economics Weekly Update: 1/21/2025,us_macro_economy,generic/context-analysis,"- Core PCE is estimated at 0.16% in December, or 2.79% year-on-year, projected to ease to 2.55% by the February report.","- core pce is estimated at 0.16% in december, or 2.79% year-on-year, projected to ease to 2.55% by the february report.",,,
sellside-3fed33ef-1990-4578-83ec-9e6b07dbfaa5__line_0002,sellside-3fed33ef-1990-4578-83ec-9e6b07dbfaa5,2,140,US Economics Weekly Update: 2/17/2025,us_macro_economy,generic/context-analysis,- The year-on-year core PCE rate is seen stepping down to 2.58% from 2.79%.,- the year-on-year core pce rate is seen stepping down to 2.58% from 2.79%.,,,
sellside-094e3ab9-de92-4ff0-9925-ea4b62b9b76b__line_0010,sellside-094e3ab9-de92-4ff0-9925-ea4b62b9b76b,10,140,US Economics Weekly Update 8/10/2026,us_macro_economy,inflation/context-analysis,"- **Methodology change set to cut the year-over-year PCE rate by 0.2pp in August**, mainly from applying the new approach to prior months.","- **methodology change set to cut the year-over-year pce rate by 0.2pp in august**, mainly from applying the new approach to prior months.",,,
sellside-9b73ea8d-9646-4665-91ba-af6d4da3be1d__line_0024,sellside-9b73ea8d-9646-4665-91ba-af6d4da3be1d,24,141,Global Rates Trader: A Bumpy Normalization,us_macro_economy,generic/context-analysis,"In the UK, softer inflation, wages and labour demand back the case for quarterly BoE cuts, and history says more meaningful growth damage would let front-end yields fall further (Exhibit 4); long-end yields, however, remain elevated amid signs of repo strain. In the Scandies, [REDACTED] likes **SEK front-end steepeners (1y vs 1y1y)** to express underpriced downside growth risk plus eventual fiscal support, and views near-term Norges Bank meeting pricing as cheap. Separately, the stop on the received-5y-AUD vs paid-5y-NZD trade is tightened to entry (0.26).","in the uk, softer inflation, wages and labour demand back the case for quarterly boe cuts, and history says more meaningful growth damage would let front-end yields fall further (exhibit 4); long-end yields, however, remain elevated amid signs of repo strain. in the scandies, likes **sek front-end steepeners (1y vs 1y1y)** to express underpriced downside growth risk plus eventual fiscal support, and views near-term norges bank meeting pricing as cheap. separately, the stop on the received-5y-aud vs paid-5y-nzd trade is tightened to entry (0.26).",,,
sellside-ac7da160-c951-4c4d-8f1e-91b9048c5c01__line_0021,sellside-ac7da160-c951-4c4d-8f1e-91b9048c5c01,21,141,Global Rates Trader: Rest Unassured,us_macro_economy,monetary-policy/context-analysis,"**In the UK, further disinflation supports staying long Dec-2025 MPC, though the cross-market Gilt trade is being taken off after a strong run.** [REDACTED] expects an August cut and two more in H2, with the labour market weakening faster than the BoE assumes and cuts stepping up to sequential; the 10y Gilt forecast is 4.25% at year-end. The Gilt-UST spread compression recommendation is closed for a 23bp gain, with Gilt risk/reward now more balanced versus other majors.","**in the uk, further disinflation supports staying long dec-2025 mpc, though the cross-market gilt trade is being taken off after a strong run.** expects an august cut and two more in h2, with the labour market weakening faster than the boe assumes and cuts stepping up to sequential; the 10y gilt forecast is 4.25% at year-end. the gilt-ust spread compression recommendation is closed for a 23bp gain, with gilt risk/reward now more balanced versus other majors.",,,
sellside-613bf18f-a1ce-436c-8c93-c94d234499f8__line_0004,sellside-613bf18f-a1ce-436c-8c93-c94d234499f8,4,141,Global Rates Trader: Back from the Brink,us_macro_economy,generic/context-analysis,"- The Gilt curve bull-flattened on the week, 30y ~10bp lower, with the UK long-end still measurably cheap versus other curve points and G4 peers.","- the gilt curve bull-flattened on the week, 30y ~10bp lower, with the uk long-end still measurably cheap versus other curve points and g4 peers.",,,
sellside-95a690ef-41f9-48be-be9a-e061ef5bf7ab__line_0023,sellside-95a690ef-41f9-48be-be9a-e061ef5bf7ab,23,142,Global Rates Trader: Twist And Shout,us_macro_economy,monetary-policy/context-analysis,"France is treated as a summer carry opportunity: consensus deficit expectations near 5.3% look conservative against an expected ~5% landing, and with parliament in recess there is a case for OAT longs, keeping the 70bp end-25 target for 10y OAT-Bund. UK rates relief is delayed rather than cancelled — the receive Dec-25 MPC trade is closed for a potential 11bp gain, and the front-end long shifts to **long SFIZ6 vs ERZ6 (entry 160bp, target 125bp, stop 180bp)**, expressing BoE cuts below market pricing. European inflation is caught between near-term trade downside and later fiscal support: 1y and 1y1y HICP trade rich to energy and growth signals, while 2y2y and 5y5y screen 15–20bp cheap on forward growth assumptions, pointing to HICP curve steepening. Sweden's dovish impulse is intact — one more August cut expected — but 5y5y SEK forwards look elevated versus a ~2.2% neutral, supporting continued SEK-curve outperformance versus Europe.","france is treated as a summer carry opportunity: consensus deficit expectations near 5.3% look conservative against an expected ~5% landing, and with parliament in recess there is a case for oat longs, keeping the 70bp end-25 target for 10y oat-bund. uk rates relief is delayed rather than cancelled — the receive dec-25 mpc trade is closed for a potential 11bp gain, and the front-end long shifts to **long sfiz6 vs erz6 (entry 160bp, target 125bp, stop 180bp)**, expressing boe cuts below market pricing. european inflation is caught between near-term trade downside and later fiscal support: 1y and 1y1y hicp trade rich to energy and growth signals, while 2y2y and 5y5y screen 15–20bp cheap on forward growth assumptions, pointing to hicp curve steepening. sweden's dovish impulse is intact — one more august cut expected — but 5y5y sek forwards look elevated versus a ~2.2% neutral, supporting continued sek-curve outperformance versus europe.",,,
sellside-d6710e83-4d3c-4731-9342-4e8d0718c54d__line_0019,sellside-d6710e83-4d3c-4731-9342-4e8d0718c54d,19,142,Global Rates Trader: Quick Duration Break,us_macro_economy,generic/context-analysis,"In the Euro area, the message is that hawkish risk is already well-priced. **1y1y looks too elevated versus forecasts, but ongoing gas-price upside argues for balanced tactical risk near term, especially as 1y1y is not dislocated versus 1y1y traded HICP.** Next week's ECB meeting is expected to pass with the GC on hold and limited guidance, though soft signals toward a September hike are possible; 10y Bund yields are still seen ending the year near 3%, implying steeper core curves. The prospective leverage-ratio relief adds a modest structural bid for EGBs on asset swaps, and with a hawkish path priced the note sees positive risk-reward in sovereign carry.","in the euro area, the message is that hawkish risk is already well-priced. **1y1y looks too elevated versus forecasts, but ongoing gas-price upside argues for balanced tactical risk near term, especially as 1y1y is not dislocated versus 1y1y traded hicp.** next week's ecb meeting is expected to pass with the gc on hold and limited guidance, though soft signals toward a september hike are possible; 10y bund yields are still seen ending the year near 3%, implying steeper core curves. the prospective leverage-ratio relief adds a modest structural bid for egbs on asset swaps, and with a hawkish path priced the note sees positive risk-reward in sovereign carry.",,,
sellside-c34c1eb9-66b1-4855-81dd-a7d5c5d91fed__line_0022,sellside-c34c1eb9-66b1-4855-81dd-a7d5c5d91fed,22,142,Global Rates Trader: September Deja Vu,us_macro_economy,monetary-policy/context-analysis,"In Europe, German fiscal expansion is framed as slow but persistent, and the market is seen as underpricing its eventual macro impact; the 10y Bund forecast stays at 3.0% for end-2025, with rising net supply and ECB QT slowing the pace of spread tightening. **OAT spreads are expected to hold their range — 70bp at year-end — because the hurdle for deficit or growth expectations to deteriorate against already-low market pricing is high.** EUR vol is judged to have fallen about as far as fundamentals justify at the front, while long-end vol stays elevated on global long-end uncertainty and Dutch pension reform, and should keep trading directionally with the curve.","in europe, german fiscal expansion is framed as slow but persistent, and the market is seen as underpricing its eventual macro impact; the 10y bund forecast stays at 3.0% for end-2025, with rising net supply and ecb qt slowing the pace of spread tightening. **oat spreads are expected to hold their range — 70bp at year-end — because the hurdle for deficit or growth expectations to deteriorate against already-low market pricing is high.** eur vol is judged to have fallen about as far as fundamentals justify at the front, while long-end vol stays elevated on global long-end uncertainty and dutch pension reform, and should keep trading directionally with the curve.",,,
sellside-28902609-98e6-434e-bc31-8852931efc54__line_0009,sellside-28902609-98e6-434e-bc31-8852931efc54,9,143,US Economics Weekly Update 3/31/2025,us_macro_economy,generic/context-analysis,"Risks. - Downside (fiscal): the Republican tax package — mainly an extension of existing cuts with limited new ones — is unlikely to offset the tariff hit to GDP, and may slip from late July/August to September or later.","risks. - downside (fiscal): the republican tax package — mainly an extension of existing cuts with limited new ones — is unlikely to offset the tariff hit to gdp, and may slip from late july/august to september or later.",,,
sellside-678bc26b-325f-4423-bb75-67f0ec6a926e__line_0013,sellside-678bc26b-325f-4423-bb75-67f0ec6a926e,13,143,US Economics Weekly Update 6/2/2025,us_macro_economy,generic/context-analysis,"- Downside on imports: 20% of sector analysts say the +30pp on China would halt imports, 10% say the 10% baseline would do so, and 10% say 25% tariffs on autos, pharmaceuticals or semiconductors would be prohibitive — most, however, consider current levels insufficient to stop imports.","- downside on imports: 20% of sector analysts say the +30pp on china would halt imports, 10% say the 10% baseline would do so, and 10% say 25% tariffs on autos, pharmaceuticals or semiconductors would be prohibitive — most, however, consider current levels insufficient to stop imports.",,,
sellside-97f5d4e4-0004-40af-a9d2-105248ddf310__line_0014,sellside-97f5d4e4-0004-40af-a9d2-105248ddf310,14,143,US Economics Weekly Update 10/13/2025,us_macro_economy,generic/context-analysis,"Unpacked. The immediate story is the sudden reopening of US-China tariff risk. China's move to significantly expand rare earth export controls drew a threat of an additional 100% tariff from November 1 plus controls on critical software exports. **The operative question is whether these measures are implemented or are leverage ahead of upcoming bilateral talks — the base case leans toward leverage, but the recent moves widen the plausible outcome range relative to prior rounds.** Weekend developments cut both ways: a conciliatory social-media post and Bessent's confirmation that the two sides spoke, set against the concrete threats themselves. The downside channels are those laid out in the April work on production disruptions.","unpacked. the immediate story is the sudden reopening of us-china tariff risk. china's move to significantly expand rare earth export controls drew a threat of an additional 100% tariff from november 1 plus controls on critical software exports. **the operative question is whether these measures are implemented or are leverage ahead of upcoming bilateral talks — the base case leans toward leverage, but the recent moves widen the plausible outcome range relative to prior rounds.** weekend developments cut both ways: a conciliatory social-media post and bessent's confirmation that the two sides spoke, set against the concrete threats themselves. the downside channels are those laid out in the april work on production disruptions.",,,
sellside-6303848d-6910-4999-8bc0-76652b38bbca__line_0014,sellside-6303848d-6910-4999-8bc0-76652b38bbca,14,144,US Economics Weekly Update 6/22/2026,us_macro_economy,inflation/context-analysis,"Unpacked. The June FOMC meeting delivered a hawkish surprise. **Half of participants penciled in at least one 2026 hike and the 2027 core PCE median moved up to 2.5%, signaling more lasting concern about inflation, yet the base case remains no change in the policy rate this year.** The reasoning turns on a distinction between participants and voters: a majority of voters is thought to still lean toward holding, and the hawkish projections may partly reflect a cautious reading of the Iran news that could reverse if the Strait of Hormuz stays open. The probability-weighted funds rate forecast, embedding a 25% chance of hikes, stays well below what the market prices.","unpacked. the june fomc meeting delivered a hawkish surprise. **half of participants penciled in at least one 2026 hike and the 2027 core pce median moved up to 2.5%, signaling more lasting concern about inflation, yet the base case remains no change in the policy rate this year.** the reasoning turns on a distinction between participants and voters: a majority of voters is thought to still lean toward holding, and the hawkish projections may partly reflect a cautious reading of the iran news that could reverse if the strait of hormuz stays open. the probability-weighted funds rate forecast, embedding a 25% chance of hikes, stays well below what the market prices.",,,
sellside-8c2bf3e8-57e2-411e-8928-f916963ce694__line_0011,sellside-8c2bf3e8-57e2-411e-8928-f916963ce694,11,144,US Economics Weekly Update 3/16/2026,us_macro_economy,monetary-policy/release-expectations,"Outlook. - **Two cuts this year, in September and December**, the analyst's baseline; by September both further labor-market softening and progress on underlying inflation should support the case.","outlook. - **two cuts this year, in september and december**, the analyst's baseline; by september both further labor-market softening and progress on underlying inflation should support the case.",,,
sellside-1a05852c-7838-4de8-b357-c7179214c330__line_0016,sellside-1a05852c-7838-4de8-b357-c7179214c330,16,144,US Economics Weekly Update 4/2/2026,us_macro_economy,generic/context-analysis,"Client questions from a recent Asia trip fill in the policy periphery. On the balance sheet, a prospective Kevin Warsh is not expected to shrink it substantially; whether Powell stays on as a governor is left open, a question Powell himself has not resolved. **On fiscal sustainability, the assessment is more pointed: if markets are right about future interest rates, the risk is already not negligible and grows the longer deficit reduction is delayed.** AI's effect on the economy and labor market is referenced but deferred to a separate recap.","client questions from a recent asia trip fill in the policy periphery. on the balance sheet, a prospective kevin warsh is not expected to shrink it substantially; whether powell stays on as a governor is left open, a question powell himself has not resolved. **on fiscal sustainability, the assessment is more pointed: if markets are right about future interest rates, the risk is already not negligible and grows the longer deficit reduction is delayed.** ai's effect on the economy and labor market is referenced but deferred to a separate recap.",,,
sellside-d930f20f-80d1-4485-8783-579f940a6c77__line_0013,sellside-d930f20f-80d1-4485-8783-579f940a6c77,13,145,Global FX Trader: Drawbacks of the Clawbacks,us_macro_economy,generic/context-analysis,"- CNY stability, backed by resilient Chinese growth and the PBoC's revealed FX-stability preference, is the anchor for the rest of USD/Asia.","- cny stability, backed by resilient chinese growth and the pboc's revealed fx-stability preference, is the anchor for the rest of usd/asia.",,,
sellside-085effe8-1dc6-40e5-85e2-272a9e1ad7a9__line_0012,sellside-085effe8-1dc6-40e5-85e2-272a9e1ad7a9,12,145,Global FX Trader: CNY Puts the Slide in the TWI,us_macro_economy,generic/context-analysis,"- International-relations and tariff uncertainty persists as a USD headwind, though narrower than a year ago.","- international-relations and tariff uncertainty persists as a usd headwind, though narrower than a year ago.",,,
sellside-80b0561c-10b6-45fb-8814-d8c621246b2e__line_0008,sellside-80b0561c-10b6-45fb-8814-d8c621246b2e,8,145,Global FX Trader: Halftime Talk,us_macro_economy,generic/context-analysis,"- China's manufacturing competitiveness and a large goods trade surplus underpin CNY strength, with policymakers tolerant of appreciation provided the US trade détente holds through the summer.","- china's manufacturing competitiveness and a large goods trade surplus underpin cny strength, with policymakers tolerant of appreciation provided the us trade détente holds through the summer.",,,
sellside-abe76e22-a4d9-426f-8f46-2d7deeef7eeb__line_0013,sellside-abe76e22-a4d9-426f-8f46-2d7deeef7eeb,13,146,US Economics Weekly Update 5/5/2025,us_macro_economy,monetary-policy/context-analysis,"- The analyst is ""not that worried"" about inflation expectations de-anchoring, and judges the economy well-positioned to absorb the shock — a low-layoff-rate, high-margin, strong-balance-sheet starting point.","- the analyst is ""not that worried"" about inflation expectations de-anchoring, and judges the economy well-positioned to absorb the shock — a low-layoff-rate, high-margin, strong-balance-sheet starting point.",,,
sellside-6303848d-6910-4999-8bc0-76652b38bbca__line_0008,sellside-6303848d-6910-4999-8bc0-76652b38bbca,8,146,US Economics Weekly Update 6/22/2026,us_macro_economy,inflation/context-analysis,"- The US-Iran agreement has pushed down oil and other Gulf export prices, pointing to soft June headline prints (preliminary: -0.13% CPI, 0.07% PCE).","- the us-iran agreement has pushed down oil and other gulf export prices, pointing to soft june headline prints (preliminary: -0.13% cpi, 0.07% pce).",,,
sellside-8d050457-98f9-4020-9efd-b4c1f0ac82d3__line_0004,sellside-8d050457-98f9-4020-9efd-b4c1f0ac82d3,4,146,US Economics Weekly Update 9/9/2025,us_macro_economy,inflation/context-analysis,"- Core PCE inflation stands at 2.9% year-on-year; core services inflation is 3.5%, above its 2.75% pre-pandemic pace when core PCE was last at 2%.","- core pce inflation stands at 2.9% year-on-year; core services inflation is 3.5%, above its 2.75% pre-pandemic pace when core pce was last at 2%.",,,
sellside-4b7746dd-118f-4aa3-96e8-e8c739e9723d__line_0010,sellside-4b7746dd-118f-4aa3-96e8-e8c739e9723d,10,147,US Economics Weekly Update: 2/11/2025,us_macro_economy,generic/context-analysis,- Seasonal factors revised by the BLS (using 2024 data) tend to smooth monthly fluctuations — last year core CPI ran 10bp above average in Q1 and 14bp below between May and July.,- seasonal factors revised by the bls (using 2024 data) tend to smooth monthly fluctuations — last year core cpi ran 10bp above average in q1 and 14bp below between may and july.,,,
sellside-6dab9dab-045a-4316-8cee-9271e0e0faec__line_0008,sellside-6dab9dab-045a-4316-8cee-9271e0e0faec,8,147,US Economics Weekly Update 6/30/2026,us_macro_economy,generic/context-analysis,"- Disinflationary forces on underlying inflation: leading indicators point to slower rent inflation this year and next, and soft wages should restrain non-housing services; the persistent inflation risk indicator is only moderately above average.","- disinflationary forces on underlying inflation: leading indicators point to slower rent inflation this year and next, and soft wages should restrain non-housing services; the persistent inflation risk indicator is only moderately above average.",,,
sellside-ade45b15-aa6a-42de-aab8-bb1912ed9896__line_0008,sellside-ade45b15-aa6a-42de-aab8-bb1912ed9896,8,147,US Economics Weekly Update 1/19/2026,us_macro_economy,generic/context-analysis,"Drivers. - Underlying inflation is running near the 2% area once shutdown noise and the temporary shelter bias are stripped out — the clean signal is softer than the headline y/y prints suggest, with a shelter rebound not due until April.","drivers. - underlying inflation is running near the 2% area once shutdown noise and the temporary shelter bias are stripped out — the clean signal is softer than the headline prints suggest, with a shelter rebound not due until april.",,,
sellside-f09e4e6f-1a0f-4db7-9e92-7bd89af59685__line_0017,sellside-f09e4e6f-1a0f-4db7-9e92-7bd89af59685,17,148,Global FX Trader: From the Fed to the Fix,us_macro_economy,generic/context-analysis,"- **Downside, INR**: the analyst expects the Rupee to stay under pressure and underperform other carry candidates and non-Japan Asia peers near-term.","- **downside, inr**: the analyst expects the rupee to stay under pressure and underperform other carry candidates and non-japan asia peers near-term.",,,
sellside-bbb1bf0e-aba0-45e5-94a9-88bf194e5bb9__line_0013,sellside-bbb1bf0e-aba0-45e5-94a9-88bf194e5bb9,13,148,Global FX Trader: First Term Flashbacks,us_macro_economy,generic/context-analysis,"- **Downside for the ZAR:** the risk to the coalition government's stability may not be well reflected in the currency; still, the base case expects a credible fiscal consolidation plan in March.","- **downside for the zar:** the risk to the coalition government's stability may not be well reflected in the currency; still, the base case expects a credible fiscal consolidation plan in march.",,,
sellside-589c374f-fa6f-481e-adf8-17c2e454cf89__line_0012,sellside-589c374f-fa6f-481e-adf8-17c2e454cf89,12,148,Global FX Trader: From Tariff-fied to Tariff-fried,us_macro_economy,generic/context-analysis,"- The RBI has shifted its revealed preference toward easing domestic liquidity, running daily repo auctions since mid-January and letting the Rupee weaken.","- the rbi has shifted its revealed preference toward easing domestic liquidity, running daily repo auctions since mid-january and letting the rupee weaken.",,,
sellside-0b782b04-fb0e-4276-be02-24375c6baaa5__line_0017,sellside-0b782b04-fb0e-4276-be02-24375c6baaa5,17,149,Global FX Trader: A Window Into Debasement,us_macro_economy,generic/context-analysis,"On Japan, the forecast change reflects stronger headwinds on both the fiscal and global-macro fronts, narrowing the scope for appreciation in speed and magnitude. **A policy risk premium is expected to persist on the chance Takaichi's preferences shift over time, even though economists see only modest fiscal change and no change to the modal BoJ path.** That premium will move with cabinet appointments, public comments and coalition dynamics — alternative partners like the DPP have been keener on tax cuts than Komeito. Notably, the Yen is no longer the biggest loser on average when markets price a positive growth shock, because the remaining Dollar discount versus BEER models is larger elsewhere, leaving more room for unwinds abroad. Front-end rate compression and lower hedging costs still point to a stronger Yen over time — but not much beyond the forwards.","on japan, the forecast change reflects stronger headwinds on both the fiscal and global-macro fronts, narrowing the scope for appreciation in speed and magnitude. **a policy risk premium is expected to persist on the chance takaichi's preferences shift over time, even though economists see only modest fiscal change and no change to the modal boj path.** that premium will move with cabinet appointments, public comments and coalition dynamics — alternative partners like the dpp have been keener on tax cuts than komeito. notably, the yen is no longer the biggest loser on average when markets price a positive growth shock, because the remaining dollar discount versus beer models is larger elsewhere, leaving more room for unwinds abroad. front-end rate compression and lower hedging costs still point to a stronger yen over time — but not much beyond the forwards.",,,
sellside-21ec8fd1-9a47-42dc-9294-62a088bc9428__line_0019,sellside-21ec8fd1-9a47-42dc-9294-62a088bc9428,19,149,Global FX Trader: Honeymoon Phase,us_macro_economy,generic/context-analysis,- **Two-way (JPY):** elevated intervention risk and unresolved fiscal/macro questions keep risks balanced in both directions.,- **two-way (jpy):** elevated intervention risk and unresolved fiscal/macro questions keep risks balanced in both directions.,,,
sellside-9e86633e-67cf-44cd-966f-62c91da2083c__line_0015,sellside-9e86633e-67cf-44cd-966f-62c91da2083c,15,149,Global FX Trader: Waiting on the World to Change,us_macro_economy,generic/context-analysis,"- **Risk to the short AUD/JPY hedge:** firmer US data and a dovish BoJ challenged the position; the analyst flags that a full USD/JPY reversion toward the [REDACTED] 94 level would need a much more severe global backdrop or explicit BoJ support, neither currently in place.","- **risk to the short aud/jpy hedge:** firmer us data and a dovish boj challenged the position; the analyst flags that a full usd/jpy reversion toward the 94 level would need a much more severe global backdrop or explicit boj support, neither currently in place.",,,
sellside-41d4471b-539a-45bd-a94d-01b69d5a9cf8__line_0003,sellside-41d4471b-539a-45bd-a94d-01b69d5a9cf8,3,150,Global FX Trader: Tariff-ride,us_macro_economy,generic/context-analysis,"- Scandi currencies (NOK, SEK) were two of the best G10 performers month-to-date, with NOK largely closing the gap between actual and implied performance in the [REDACTED] model.","- scandi currencies (nok, sek) were two of the best g10 performers month-to-date, with nok largely closing the gap between actual and implied performance in the model.",,,
sellside-a93f3d75-c9db-4c09-995c-daf8f97b50db__line_0009,sellside-a93f3d75-c9db-4c09-995c-daf8f97b50db,9,150,Global FX Trader: Dealing and Reeling,us_macro_economy,generic/context-analysis,"- **ECB ahead of the pack:** the ECB is now forecast as the first G10 central bank to finish easing, making front-end rate differentials supportive of EUR/USD and of EUR versus its G10 satellites.","- **ecb ahead of the pack:** the ecb is now forecast as the first g10 central bank to finish easing, making front-end rate differentials supportive of eur/usd and of eur versus its g10 satellites.",,,
sellside-0b782b04-fb0e-4276-be02-24375c6baaa5__line_0003,sellside-0b782b04-fb0e-4276-be02-24375c6baaa5,3,150,Global FX Trader: A Window Into Debasement,us_macro_economy,generic/context-analysis,"- Hungarian Forint weakened over 1% versus the Euro after Orbán and Minister Nagy called for lower rates; Hungarian inflation sits at 4.3%, just above the target's upper bound.","- hungarian forint weakened over 1% versus the euro after orbán and minister nagy called for lower rates; hungarian inflation sits at 4.3%, just above the target's upper bound.",,,
sellside-f0cced14-b1d9-4be1-aab5-65d283e9bb4d__line_0008,sellside-f0cced14-b1d9-4be1-aab5-65d283e9bb4d,8,151,Global Rates Trader: Short Runway to Rally,us_macro_economy,monetary-policy/context-analysis,"Drivers. - Revised Fed baseline — earlier cuts to a lower terminal rate — is the primary force pulling US yields into a richer range, with steepening driven largely by an uncoiling of belly richness.","drivers. - revised fed baseline — earlier cuts to a lower terminal rate — is the primary force pulling us yields into a richer range, with steepening driven largely by an uncoiling of belly richness.",,,
sellside-c2009697-2b9a-4efa-883c-155ec5082757__line_0020,sellside-c2009697-2b9a-4efa-883c-155ec5082757,20,151,Global Rates Trader: Dealing With Inflation,us_macro_economy,monetary-policy/context-analysis,"On inflation, the picture has turned less favourable for real-rate longs. **As long as the hawkish shift proves durable, higher spot inflation is more likely to show up as higher real-rate expectations than as inflation risk further out, narrowing the path to lower real rates.** Although [REDACTED]'s framework still puts longer-term inflation forwards on the cheap side of fair and economists expect a more dovish reaction function than priced, the desk closes its beta-weighted long real rates recommendation at a small loss. On the balance sheet, new statement language reaffirming ""ample reserves"" is read mainly as current policy; a hawkish ""when appropriate"" tweak to the SOMA directive and a new Warsh-led review task force leave room for periods of no portfolio growth, with RMPs held at $10bn/month and [REDACTED] expecting a $5bn/month average ahead.","on inflation, the picture has turned less favourable for real-rate longs. **as long as the hawkish shift proves durable, higher spot inflation is more likely to show up as higher real-rate expectations than as inflation risk further out, narrowing the path to lower real rates.** although 's framework still puts longer-term inflation forwards on the cheap side of fair and economists expect a more dovish reaction function than priced, the desk closes its beta-weighted long real rates recommendation at a small loss. on the balance sheet, new statement language reaffirming ""ample reserves"" is read mainly as current policy; a hawkish ""when appropriate"" tweak to the soma directive and a new warsh-led review task force leave room for periods of no portfolio growth, with rmps held at $10bn/month and expecting a $5bn/month average ahead.",,,
sellside-a8f99f95-29e0-43bc-a274-38746e163fac__line_0021,sellside-a8f99f95-29e0-43bc-a274-38746e163fac,21,151,Global Rates Trader: Duration Dynamics Still Daunting,us_macro_economy,monetary-policy/context-analysis,"The inflation trade is repositioned along the curve. **The recommendation switches from long 30y TIPS (beta-weighted to nominals) into a 5y TIPS expression — long 1x 5y TIPS vs short 0.7x 5y nominals, entry -1.13, target -1.3, stop -1.05 — for a potential 4bp on the exit.** The logic: belly forwards have compressed too far given improving risk sentiment and stable long-end pricing, and upcoming tariff-clouded prints could pause the move.","the inflation trade is repositioned along the curve. **the recommendation switches from long 30y tips (beta-weighted to nominals) into a 5y tips expression — long 1x 5y tips vs short 0.7x 5y nominals, entry -1.13, target -1.3, stop -1.05 — for a potential 4bp on the exit.** the logic: belly forwards have compressed too far given improving risk sentiment and stable long-end pricing, and upcoming tariff-clouded prints could pause the move.",,,
sellside-535aca8f-705d-4905-9c2e-17db1d07888b__line_0011,sellside-535aca8f-705d-4905-9c2e-17db1d07888b,11,152,Global Rates Trader: ECB Rebuilds Right Tail,us_macro_economy,monetary-policy/context-analysis,- US Treasury TGA rebuild: proceeding more gradually than prior post-debt-limit periods; a fast rebuild to $850bn by end-Q3 would imply $1.08tn of Q3 privately held borrowing and acute funding volatility — watch the July 28 financing estimates.,- us treasury tga rebuild: proceeding more gradually than prior post-debt-limit periods; a fast rebuild to $850bn by end-q3 would imply $1.08tn of q3 privately held borrowing and acute funding volatility — watch the july 28 financing estimates.,,,
sellside-47d6cdb9-9064-4a14-9114-f37eca3f8ab9__line_0003,sellside-47d6cdb9-9064-4a14-9114-f37eca3f8ab9,3,152,Global Rates Trader: Round and Round We Go,us_macro_economy,monetary-policy/qualitative-research,"- SOFR fixed just 1bp above the RRP rate for the first time since November, reflecting the post-tax-date drawdown in the Treasury General Account (TGA) that has eased dollar funding.","- sofr fixed just 1bp above the rrp rate for the first time since november, reflecting the post-tax-date drawdown in the treasury general account (tga) that has eased dollar funding.",,,
sellside-f4e3e059-f5c6-499b-b571-061dd1635c3e__line_0011,sellside-f4e3e059-f5c6-499b-b571-061dd1635c3e,11,152,Global Rates Trader: Low Flow Rates,us_macro_economy,generic/context-analysis,"- Regulation is tilting bank demand: eSLR changes appear to be lifting large banks' UST allocations above what deposits, loans, reserves and 5y yields imply, mirrored by a drop in agency MBS; small banks, unaffected, keep trimming.","- regulation is tilting bank demand: eslr changes appear to be lifting large banks' ust allocations above what deposits, loans, reserves and 5y yields imply, mirrored by a drop in agency mbs; small banks, unaffected, keep trimming.",,,
sellside-a4dc7a40-d399-43cc-ad9f-7cd11c67324d__line_0003,sellside-a4dc7a40-d399-43cc-ad9f-7cd11c67324d,3,153,Global Rates Trader: Something For Everyone,us_macro_economy,generic/context-analysis,"- US swap spreads screen as 2y/3y about fair, 5s/7s/10s modestly wide, and long-end richer still on the [REDACTED] valuation framework.","- us swap spreads screen as 2y/3y about fair, 5s/7s/10s modestly wide, and long-end richer still on the valuation framework.",,,
sellside-0e7c7ed0-76f9-498b-bf4f-cb6bad0b91aa__line_0010,sellside-0e7c7ed0-76f9-498b-bf4f-cb6bad0b91aa,10,153,Global Rates Trader: Cutting Through Mixed Messages,us_macro_economy,monetary-policy/context-analysis,"- **UST demand rotation:** foreign official demand is genuinely pulling back (now amid heavy bill issuance, not just debt-limit mechanics), but domestic banks and dealers are absorbing supply at spread levels judged economically attractive.","- **ust demand rotation:** foreign official demand is genuinely pulling back (now amid heavy bill issuance, not just debt-limit mechanics), but domestic banks and dealers are absorbing supply at spread levels judged economically attractive.",,,
sellside-3e9d654c-c315-4e0b-90db-6c5ccef8fd80__line_0002,sellside-3e9d654c-c315-4e0b-90db-6c5ccef8fd80,2,153,Global Rates Trader: Back to the Well,us_macro_economy,generic/context-analysis,"- Implied vol has compressed further, and it screens somewhat cheap versus what the macro picture would imply.","- implied vol has compressed further, and it screens somewhat cheap versus what the macro picture would imply.",,,
sellside-406a043f-d2ce-4daf-abe9-625e391dc277__line_0007,sellside-406a043f-d2ce-4daf-abe9-625e391dc277,7,154,Global FX Trader: Currencies in Conflict,us_macro_economy,generic/context-analysis,"Drivers. - The oil-and-gas price spike is the primary sorting mechanism, penalizing energy importers (Asia, CEE) and supporting exporters (CAD, BRL, COP, NOK), with FX moves so far broadly in line with historical sensitivities.","drivers. - the oil-and-gas price spike is the primary sorting mechanism, penalizing energy importers (asia, cee) and supporting exporters (cad, brl, cop, nok), with fx moves so far broadly in line with historical sensitivities.",,,
sellside-77008c96-722f-4b2a-a5e8-c99fbda8ff23__line_0006,sellside-77008c96-722f-4b2a-a5e8-c99fbda8ff23,6,154,Global FX Trader: Tactics and Strategy,us_macro_economy,generic/context-analysis,"- Energy-sensitive currencies (EUR, HUF, PLN) have tracked intraday oil moves tightly this month, echoing the early stage of the 2022 surge.","- energy-sensitive currencies (eur, huf, pln) have tracked intraday oil moves tightly this month, echoing the early stage of the 2022 surge.",,,
sellside-16a696d6-f1d2-4265-92c5-001066f59003__line_0002,sellside-16a696d6-f1d2-4265-92c5-001066f59003,2,154,Global FX Trader: Supply Pain Refrain,us_macro_economy,generic/context-analysis,"- Asian energy importers (INR, PHP, THB) were the biggest laggards on a vol-adjusted basis and relative to their historical sensitivities to risk and terms of trade.","- asian energy importers (inr, php, thb) were the biggest laggards on a vol-adjusted basis and relative to their historical sensitivities to risk and terms of trade.",,,
sellside-8dde0014-1bf3-4921-94fe-6c8780781490__line_0001,sellside-8dde0014-1bf3-4921-94fe-6c8780781490,1,155,Global FX Trader: Rates Return Center-Stage,us_macro_economy,generic/context-analysis,"Landscape. - The Dollar made fresh lows this week; roughly six months into the move, the pace of depreciation is in line with prior large declines from a peak.","landscape. - the dollar made fresh lows this week; roughly six months into the move, the pace of depreciation is in line with prior large declines from a peak.",,,
sellside-e1901926-3af8-4d3d-be98-9d8cbc7dca9b__line_0018,sellside-e1901926-3af8-4d3d-be98-9d8cbc7dca9b,18,155,Global FX Trader: Dollar Descent Disrupted,us_macro_economy,generic/context-analysis,"Unpacked. **On the Dollar, the message is to keep positioning close to home and hedge both directions with low-delta structures.** The factors that weighed on USD earlier this year — less exceptional US return prospects and a fragile labor market — remain intact if energy normalizes, but a lasting disruption would reverse the year's expected themes. Procyclical commodity exporters (AUD, BRL, MYR, and frontier KZT, NGN) are favored as exposure to a fast resolution that also cushions further energy shocks. FX policy is expected to permit larger moves — stronger CHF, weaker INR — if disruptions linger.","unpacked. **on the dollar, the message is to keep positioning close to home and hedge both directions with low-delta structures.** the factors that weighed on usd earlier this year — less exceptional us return prospects and a fragile labor market — remain intact if energy normalizes, but a lasting disruption would reverse the year's expected themes. procyclical commodity exporters (aud, brl, myr, and frontier kzt, ngn) are favored as exposure to a fast resolution that also cushions further energy shocks. fx policy is expected to permit larger moves — stronger chf, weaker inr — if disruptions linger.",,,
sellside-0205ea90-948f-45c9-82ba-f7f23cd0c204__line_0018,sellside-0205ea90-948f-45c9-82ba-f7f23cd0c204,18,155,Global FX Trader: Digesting De-escalation,us_macro_economy,generic/context-analysis,"Unpacked. The Dollar's next leg is framed as a move from a positioning-and-risk-beta phase to an economic-aftermath phase. **Because Strait traffic has been curtailed for over a month, the analyst expects a genuine hit to activity and a significant deterioration in Asian current accounts, making the 2022 analogy — where FX took longer to fully price the fallout than risk sentiment did — the better template than 2025.** The shock is read as less concentrated on the Euro and more focused on currencies where FX management is a policy tool, so part of the adjustment is absorbed by policymakers rather than spot; INR is the clearest case, CNH the March outlier. The 3-month forecasts show modest USD gains against energy-dependent INR, PHP and THB.","unpacked. the dollar's next leg is framed as a move from a positioning-and-risk-beta phase to an economic-aftermath phase. **because strait traffic has been curtailed for over a month, the analyst expects a genuine hit to activity and a significant deterioration in asian current accounts, making the 2022 analogy — where fx took longer to fully price the fallout than risk sentiment did — the better template than 2025.** the shock is read as less concentrated on the euro and more focused on currencies where fx management is a policy tool, so part of the adjustment is absorbed by policymakers rather than spot; inr is the clearest case, cnh the march outlier. the 3-month forecasts show modest usd gains against energy-dependent inr, php and thb.",,,
sellside-06312b8b-751e-4603-97d4-8e6b823c485f__line_0014,sellside-06312b8b-751e-4603-97d4-8e6b823c485f,14,156,Global FX Trader: Tariff-fied,us_macro_economy,generic/context-analysis,"Risks. - **Downside (USD): ""Day 1 Disappointment""** — if the 1 February deadline passes with delay or no action, [REDACTED] expects a limited Dollar move lower as a no-change-in-trade-policy scenario gets more weight.","risks. - **downside (usd): ""day 1 disappointment""** — if the 1 february deadline passes with delay or no action, expects a limited dollar move lower as a no-change-in-trade-policy scenario gets more weight.",,,
sellside-0640d0b6-f3d4-4025-8446-496b9c7106b1__line_0006,sellside-0640d0b6-f3d4-4025-8446-496b9c7106b1,6,156,Global FX Trader: Day One Deliberations,us_macro_economy,generic/context-analysis,"Drivers. - US policy change is the dominant force building the case for further Dollar strength, but the Dollar has repeatedly weakened on signs of a graduated tariff approach — the near-term risk is that ""Day 1"" pledges prove more symbolic than substantive, producing back-and-forth headlines rather than clarity.","drivers. - us policy change is the dominant force building the case for further dollar strength, but the dollar has repeatedly weakened on signs of a graduated tariff approach — the near-term risk is that ""day 1"" pledges prove more symbolic than substantive, producing back-and-forth headlines rather than clarity.",,,
sellside-e984f9ec-84dc-4cb8-89ab-80ce23b703cf__line_0001,sellside-e984f9ec-84dc-4cb8-89ab-80ce23b703cf,1,156,Global FX Trader: The Terms of Trade,us_macro_economy,generic/context-analysis,"Landscape. - The Dollar fell modestly and broadly on the Supreme Court's tariff decision, weakening even against other safe havens, after earlier support in the week from solid macro data and hawkish Fed headlines.","landscape. - the dollar fell modestly and broadly on the supreme court's tariff decision, weakening even against other safe havens, after earlier support in the week from solid macro data and hawkish fed headlines.",,,
